listenedAt,rated_emotion,precipitaProb,tMin,tMax,sunrise,sunset,day_length,isWorkDay,cloud_pct,temp,feels_like,humidity,min_temp,max_temp,wind_speed,music_valence,music_arousal,idWeatherType = Clear sky,idWeatherType = Cloudy (High cloud),idWeatherType = Partly cloudy,idWeatherType = Sunny intervals,idWeatherType = Frost,idWeatherType = Rain and thunderstorms,idWeatherType = Intermittent ligth rain,idWeatherType = Light rain,idWeatherType = Intermittent rain,idWeatherType = Snow showers,idWeatherType = Cloudy,idWeatherType = Rain and snow,idWeatherType = Showers/rain,idWeatherType = Fog,idWeatherType = Snow,idWeatherType = No information,idWeatherType = Rain/showers,idWeatherType = Thunderstorms,idWeatherType = Hail,idWeatherType = Light showers/rain,idWeatherType = Showers and thunderstorms,idWeatherType = Heavy showers/rain,idWeatherType = Cloudy ,idWeatherType = Mist,idWeatherType = Intermittent heavy rain,idWeatherType = Heavy rain/showers,idWeatherType = Drizzle,idWeatherType = Convective clouds,classWindSpeed = Moderate,classWindSpeed = Weak,classWindSpeed = Strong,classWindSpeed = Very,classPrecInt = No precipitation,classPrecInt = Strong,classPrecInt = Moderate,classPrecInt = Weak,timeOfDay = Afternoon,timeOfDay = Evening,timeOfDay = Morning,timeOfDay = Night,timeOfDay = Early Morning,initial_emotion = angry,initial_emotion = fear,initial_emotion = happy,initial_emotion = neutral,initial_emotion = sad,initial_emotion = surprise,initial_emotion = disgust,valence_last_emotion,arousal_last_emotion,valence_initial_emotion,arousal_initial_emotion
0.342,0.852|0.2,0.0,0.5,0.714,0.212,0.838,0.626,1,1.0,0.543,0.543,0.89,17.0,20.0,0.034,0.52,0.497,0,1,0,0,0,0,0,0,0,0,0,0,0,0,0,0,0,0,0,0,0,0,0,0,0,0,0,0,0,1,0,0,1,0,0,0,0,0,1,0,0,0,1,0,0,0,0,0,0.546,0.581,0.177,0.831
0.343,-0.78|-0.32,0.0,0.5,0.714,0.212,0.838,0.626,1,1.0,0.543,0.543,0.89,17.0,20.0,0.034,0.682,0.54,0,1,0,0,0,0,0,0,0,0,0,0,0,0,0,0,0,0,0,0,0,0,0,0,0,0,0,0,0,1,0,0,1,0,0,0,0,0,1,0,0,0,0,0,0,1,0,0,0.336,0.486,0.177,0.831
0.344,0.79|0.12,0.0,0.5,0.714,0.212,0.838,0.626,1,1.0,0.543,0.543,0.89,17.0,20.0,0.034,0.659,0.567,0,1,0,0,0,0,0,0,0,0,0,0,0,0,0,0,0,0,0,0,0,0,0,0,0,0,0,0,0,1,0,0,1,0,0,0,0,0,1,0,0,0,0,0,1,0,0,0,0.528,0.694,0.177,0.831
0.344,0.81|0.216,0.0,0.5,0.714,0.212,0.838,0.626,1,1.0,0.543,0.543,0.89,17.0,20.0,0.034,0.602,0.557,0,1,0,0,0,0,0,0,0,0,0,0,0,0,0,0,0,0,0,0,0,0,0,0,0,0,0,0,0,1,0,0,1,0,0,0,0,0,1,0,0,0,0,0,0,1,0,0,0.618,0.588,0.177,0.831
0.344,-0.892|-0.325,0.0,0.5,0.714,0.212,0.838,0.626,1,1.0,0.543,0.543,0.89,17.0,20.0,0.034,0.52,0.498,0,1,0,0,0,0,0,0,0,0,0,0,0,0,0,0,0,0,0,0,0,0,0,0,0,0,0,0,0,1,0,0,1,0,0,0,0,0,1,0,0,0,0,0,0,1,0,0,0.238,0.456,0.177,0.831
0.344,0.952|0.235,0.0,0.5,0.714,0.212,0.838,0.626,1,1.0,0.543,0.543,0.89,17.0,20.0,0.034,0.552,0.478,0,1,0,0,0,0,0,0,0,0,0,0,0,0,0,0,0,0,0,0,0,0,0,0,0,0,0,0,0,1,0,0,1,0,0,0,0,0,1,0,0,0,0,0,0,1,0,0,0.587,0.728,0.177,0.831
0.345,0.15|0.06,0.0,0.5,0.714,0.212,0.838,0.626,1,1.0,0.543,0.543,0.89,17.0,20.0,0.034,0.58,0.559,0,1,0,0,0,0,0,0,0,0,0,0,0,0,0,0,0,0,0,0,0,0,0,0,0,0,0,0,0,1,0,0,1,0,0,0,0,0,1,0,0,0,0,1,0,0,0,0,0.54,0.515,0.177,0.831
0.345,0.896|0.321,0.0,0.5,0.714,0.212,0.838,0.626,1,1.0,0.543,0.543,0.89,17.0,20.0,0.034,0.578,0.536,0,1,0,0,0,0,0,0,0,0,0,0,0,0,0,0,0,0,0,0,0,0,0,0,0,0,0,0,0,1,0,0,1,0,0,0,0,0,1,0,0,1,0,0,0,0,0,0,0.602,0.718,0.177,0.831
0.346,0.786|0.263,0.0,0.5,0.714,0.212,0.838,0.626,1,1.0,0.543,0.543,0.89,17.0,20.0,0.034,0.548,0.552,0,1,0,0,0,0,0,0,0,0,0,0,0,0,0,0,0,0,0,0,0,0,0,0,0,0,0,0,0,1,0,0,1,0,0,0,0,0,1,0,0,0,0,0,0,1,0,0,0.591,0.669,0.177,0.831
0.347,0.823|0.361,0.0,0.5,0.714,0.212,0.838,0.626,1,1.0,0.543,0.543,0.89,17.0,20.0,0.034,0.584,0.56,0,1,0,0,0,0,0,0,0,0,0,0,0,0,0,0,0,0,0,0,0,0,0,0,0,0,0,0,0,1,0,0,1,0,0,0,0,0,1,0,0,0,0,0,0,1,0,0,0.565,0.599,0.177,0.831
0.347,-0.96|-0.23,0.0,0.5,0.714,0.212,0.838,0.626,1,1.0,0.543,0.543,0.89,17.0,20.0,0.034,0.568,0.496,0,1,0,0,0,0,0,0,0,0,0,0,0,0,0,0,0,0,0,0,0,0,0,0,0,0,0,0,0,1,0,0,1,0,0,0,0,0,1,0,0,0,0,0,0,1,0,0,0.125,0.585,0.177,0.831
0.347,-0.86|-0.234,0.0,0.5,0.714,0.212,0.838,0.626,1,1.0,0.543,0.543,0.89,17.0,20.0,0.034,0.602,0.521,0,1,0,0,0,0,0,0,0,0,0,0,0,0,0,0,0,0,0,0,0,0,0,0,0,0,0,0,0,1,0,0,1,0,0,0,0,0,1,0,0,0,1,0,0,0,0,0,0.116,0.596,0.177,0.831
0.347,0.825|0.245,0.0,0.5,0.714,0.212,0.838,0.626,1,1.0,0.543,0.543,0.89,17.0,20.0,0.034,0.636,0.59,0,1,0,0,0,0,0,0,0,0,0,0,0,0,0,0,0,0,0,0,0,0,0,0,0,0,0,0,0,1,0,0,1,0,0,0,0,0,1,0,0,0,1,0,0,0,0,0,0.643,0.63,0.177,0.831
0.348,0.795|0.293,0.0,0.5,0.714,0.212,0.838,0.626,1,1.0,0.543,0.543,0.89,17.0,20.0,0.034,0.641,0.585,0,1,0,0,0,0,0,0,0,0,0,0,0,0,0,0,0,0,0,0,0,0,0,0,0,0,0,0,0,1,0,0,1,0,0,0,0,0,1,0,0,0,0,0,0,1,0,0,0.529,0.583,0.177,0.831
0.348,0.392|-0.522,0.0,0.5,0.714,0.212,0.838,0.626,1,1.0,0.543,0.543,0.89,17.0,20.0,0.034,0.633,0.542,0,1,0,0,0,0,0,0,0,0,0,0,0,0,0,0,0,0,0,0,0,0,0,0,0,0,0,0,0,1,0,0,1,0,0,0,0,0,1,0,0,0,0,0,0,1,0,0,0.593,0.376,0.177,0.831
0.349,-0.726|-0.26,0.0,0.5,0.714,0.212,0.838,0.626,1,1.0,0.543,0.543,0.89,17.0,20.0,0.034,0.576,0.526,0,1,0,0,0,0,0,0,0,0,0,0,0,0,0,0,0,0,0,0,0,0,0,0,0,0,0,0,0,1,0,0,1,0,0,0,0,0,1,0,0,0,0,0,0,1,0,0,0.178,0.507,0.177,0.831
0.349,0.852|0.261,0.0,0.5,0.714,0.212,0.838,0.626,1,1.0,0.543,0.543,0.89,17.0,20.0,0.034,0.554,0.521,0,1,0,0,0,0,0,0,0,0,0,0,0,0,0,0,0,0,0,0,0,0,0,0,0,0,0,0,0,1,0,0,1,0,0,0,0,0,1,0,0,0,1,0,0,0,0,0,0.59,0.584,0.177,0.831
0.35,-0.781|-0.263,0.0,0.5,0.714,0.212,0.838,0.626,1,1.0,0.543,0.543,0.89,17.0,20.0,0.034,0.497,0.506,0,1,0,0,0,0,0,0,0,0,0,0,0,0,0,0,0,0,0,0,0,0,0,0,0,0,0,0,0,1,0,0,1,0,0,0,0,0,1,0,0,0,1,0,0,0,0,0,0.136,0.602,0.177,0.831
0.35,0.821|0.251,0.0,0.5,0.714,0.212,0.838,0.626,1,1.0,0.543,0.543,0.89,17.0,20.0,0.034,0.585,0.561,0,1,0,0,0,0,0,0,0,0,0,0,0,0,0,0,0,0,0,0,0,0,0,0,0,0,0,0,0,1,0,0,1,0,0,0,0,0,1,0,0,0,0,0,0,1,0,0,0.617,0.646,0.177,0.831
0.351,0.12|0.07,0.0,0.5,0.714,0.212,0.838,0.626,1,1.0,0.543,0.543,0.89,17.0,20.0,0.034,0.498,0.52,0,1,0,0,0,0,0,0,0,0,0,0,0,0,0,0,0,0,0,0,0,0,0,0,0,0,0,0,0,1,0,0,1,0,0,0,0,0,1,0,0,0,1,0,0,0,0,0,0.361,0.52,0.177,0.831
0.351,0.793|0.31,0.0,0.5,0.714,0.212,0.838,0.626,1,1.0,0.543,0.543,0.89,17.0,20.0,0.034,0.558,0.536,0,1,0,0,0,0,0,0,0,0,0,0,0,0,0,0,0,0,0,0,0,0,0,0,0,0,0,0,0,1,0,0,1,0,0,0,0,0,1,0,0,0,0,0,0,1,0,0,0.531,0.587,0.177,0.831
0.351,-0.85|-0.321,0.0,0.5,0.714,0.212,0.838,0.626,1,1.0,0.543,0.543,0.89,17.0,20.0,0.034,0.676,0.647,0,1,0,0,0,0,0,0,0,0,0,0,0,0,0,0,0,0,0,0,0,0,0,0,0,0,0,0,0,1,0,0,1,0,0,0,0,0,1,0,0,0,0,0,1,0,0,0,0.118,0.556,0.177,0.831
0.352,0.752|0.214,0.0,0.5,0.714,0.212,0.838,0.626,1,1.0,0.543,0.543,0.89,17.0,20.0,0.034,0.556,0.532,0,1,0,0,0,0,0,0,0,0,0,0,0,0,0,0,0,0,0,0,0,0,0,0,0,0,0,0,0,1,0,0,1,0,0,0,0,0,1,0,0,0,0,0,1,0,0,0,0.523,0.652,0.177,0.831
0.352,0.12|-0.134,0.0,0.5,0.714,0.212,0.838,0.626,1,1.0,0.543,0.543,0.89,17.0,20.0,0.034,0.612,0.546,0,1,0,0,0,0,0,0,0,0,0,0,0,0,0,0,0,0,0,0,0,0,0,0,0,0,0,0,0,1,0,0,1,0,0,0,0,0,1,0,0,0,0,0,0,1,0,0,0.424,0.473,0.177,0.831
0.353,0.126|0.072,0.0,0.5,0.714,0.212,0.838,0.626,1,1.0,0.543,0.543,0.89,17.0,20.0,0.034,0.572,0.511,0,1,0,0,0,0,0,0,0,0,0,0,0,0,0,0,0,0,0,0,0,0,0,0,0,0,0,0,0,1,0,0,1,0,0,0,0,0,1,0,0,0,1,0,0,0,0,0,0.382,0.627,0.171,0.786
0.354,-0.795|0.521,0.0,0.5,0.714,0.212,0.838,0.626,1,1.0,0.543,0.543,0.89,17.0,20.0,0.034,0.527,0.514,0,1,0,0,0,0,0,0,0,0,0,0,0,0,0,0,0,0,0,0,0,0,0,0,0,0,0,0,0,1,0,0,1,0,0,0,0,0,1,0,0,0,0,0,0,1,0,0,0.131,0.646,0.171,0.786
0.357,0.794|0.257,0.0,0.5,0.714,0.212,0.838,0.626,1,1.0,0.543,0.543,0.89,17.0,20.0,0.034,0.655,0.6,0,1,0,0,0,0,0,0,0,0,0,0,0,0,0,0,0,0,0,0,0,0,0,0,0,0,0,0,0,1,0,0,1,0,0,0,0,0,1,0,0,0,1,0,0,0,0,0,0.533,0.666,0.341,0.704
0.403,0.125|0.064,0.0,0.514,0.714,0.212,0.838,0.626,1,0.75,0.571,0.571,0.86,18.0,21.0,0.021,0.51,0.546,0,1,0,0,0,0,0,0,0,0,0,0,0,0,0,0,0,0,0,0,0,0,0,0,0,0,0,0,0,1,0,0,1,0,0,0,0,0,1,0,0,0,1,0,0,0,0,0,0.402,0.521,0.179,0.839
0.404,0.784|0.291,0.0,0.514,0.714,0.212,0.838,0.626,1,0.75,0.571,0.571,0.86,18.0,21.0,0.021,0.67,0.606,0,1,0,0,0,0,0,0,0,0,0,0,0,0,0,0,0,0,0,0,0,0,0,0,0,0,0,0,0,1,0,0,1,0,0,0,0,0,1,0,0,0,0,0,1,0,0,0,0.585,0.615,0.179,0.839
0.408,0.863|0.258,0.0,0.514,0.714,0.212,0.838,0.626,1,0.75,0.571,0.571,0.85,18.0,21.0,0.021,0.574,0.54,0,1,0,0,0,0,0,0,0,0,0,0,0,0,0,0,0,0,0,0,0,0,0,0,0,0,0,0,0,1,0,0,1,0,0,0,0,0,1,0,0,0,1,0,0,0,0,0,0.701,0.734,0.307,0.84
0.433,0.125|0.017,0.0,0.514,0.714,0.212,0.838,0.626,1,0.0,0.6,0.614,0.79,20.0,25.0,0.021,0.556,0.542,0,1,0,0,0,0,0,0,0,0,0,0,0,0,0,0,0,0,0,0,0,0,0,0,0,0,0,0,0,1,0,0,1,0,0,0,0,0,1,0,0,0,0,0,1,0,0,0,0.365,0.644,0.502,0.502
0.433,0.012|0.895,0.0,0.514,0.714,0.212,0.838,0.626,1,0.0,0.6,0.614,0.79,20.0,25.0,0.021,0.618,0.588,0,1,0,0,0,0,0,0,0,0,0,0,0,0,0,0,0,0,0,0,0,0,0,0,0,0,0,0,0,1,0,0,1,0,0,0,0,0,1,0,0,0,0,0,1,0,0,0,0.631,0.741,0.502,0.502
0.434,0.843|0.352,0.0,0.514,0.714,0.212,0.838,0.626,1,0.0,0.6,0.614,0.78,20.0,25.0,0.021,0.502,0.491,0,1,0,0,0,0,0,0,0,0,0,0,0,0,0,0,0,0,0,0,0,0,0,0,0,0,0,0,0,1,0,0,1,0,0,0,0,0,1,0,0,0,0,1,0,0,0,0,0.88,0.588,0.84,0.5
0.437,0.793|0.25,0.0,0.514,0.714,0.212,0.838,0.626,1,0.0,0.6,0.614,0.79,20.0,25.0,0.021,0.594,0.582,0,1,0,0,0,0,0,0,0,0,0,0,0,0,0,0,0,0,0,0,0,0,0,0,0,0,0,0,0,1,0,0,1,0,0,0,0,0,1,0,0,0,0,0,1,0,0,0,0.728,0.567,0.492,0.509
0.437,0.689|0.455,0.0,0.514,0.714,0.212,0.838,0.626,1,0.0,0.6,0.614,0.79,20.0,25.0,0.021,0.525,0.552,0,1,0,0,0,0,0,0,0,0,0,0,0,0,0,0,0,0,0,0,0,0,0,0,0,0,0,0,0,1,0,0,1,0,0,0,0,0,1,0,0,0,0,0,1,0,0,0,0.67,0.615,0.492,0.509
0.438,0.725|0.152,0.0,0.514,0.714,0.212,0.838,0.626,1,0.0,0.6,0.614,0.79,20.0,25.0,0.021,0.544,0.364,0,1,0,0,0,0,0,0,0,0,0,0,0,0,0,0,0,0,0,0,0,0,0,0,0,0,0,0,0,1,0,0,1,0,0,0,0,0,1,0,0,0,1,0,0,0,0,0,0.513,0.611,0.492,0.509
0.438,0.842|0.254,0.0,0.514,0.714,0.212,0.838,0.626,1,0.0,0.6,0.614,0.79,20.0,25.0,0.021,0.652,0.592,0,1,0,0,0,0,0,0,0,0,0,0,0,0,0,0,0,0,0,0,0,0,0,0,0,0,0,0,0,1,0,0,1,0,0,0,0,0,1,0,0,1,0,0,0,0,0,0,0.541,0.731,0.492,0.509
0.438,0.897|0.431,0.0,0.514,0.714,0.212,0.838,0.626,1,0.0,0.6,0.614,0.79,20.0,25.0,0.021,0.576,0.598,0,1,0,0,0,0,0,0,0,0,0,0,0,0,0,0,0,0,0,0,0,0,0,0,0,0,0,0,0,1,0,0,1,0,0,0,0,0,1,0,0,0,0,0,0,0,1,0,0.557,0.764,0.492,0.509
0.439,0.713|0.247,0.0,0.514,0.714,0.212,0.838,0.626,1,0.0,0.6,0.614,0.79,20.0,25.0,0.021,0.633,0.592,0,1,0,0,0,0,0,0,0,0,0,0,0,0,0,0,0,0,0,0,0,0,0,0,0,0,0,0,0,1,0,0,1,0,0,0,0,0,1,0,0,0,1,0,0,0,0,0,0.604,0.72,0.492,0.509
0.439,0.789|0.253,0.0,0.514,0.714,0.212,0.838,0.626,1,0.0,0.6,0.614,0.79,20.0,25.0,0.021,0.611,0.563,0,1,0,0,0,0,0,0,0,0,0,0,0,0,0,0,0,0,0,0,0,0,0,0,0,0,0,0,0,1,0,0,1,0,0,0,0,0,1,0,0,0,0,0,0,0,1,0,0.533,0.613,0.492,0.509
0.44,0.152|0.12,0.0,0.514,0.714,0.212,0.838,0.626,1,0.0,0.6,0.614,0.79,20.0,25.0,0.021,0.48,0.534,0,1,0,0,0,0,0,0,0,0,0,0,0,0,0,0,0,0,0,0,0,0,0,0,0,0,0,0,0,1,0,0,1,0,0,0,0,0,1,0,0,0,1,0,0,0,0,0,0.374,0.662,0.492,0.509
0.441,0.08|0.69,0.0,0.514,0.714,0.212,0.838,0.626,1,0.0,0.6,0.614,0.79,20.0,25.0,0.021,0.57,0.56,0,1,0,0,0,0,0,0,0,0,0,0,0,0,0,0,0,0,0,0,0,0,0,0,0,0,0,0,0,1,0,0,1,0,0,0,0,0,1,0,0,0,0,1,0,0,0,0,0.688,0.673,0.492,0.509
0.442,0.785|0.253,0.0,0.514,0.714,0.212,0.838,0.626,1,0.0,0.6,0.614,0.79,20.0,25.0,0.021,0.44,0.496,0,1,0,0,0,0,0,0,0,0,0,0,0,0,0,0,0,0,0,0,0,0,0,0,0,0,0,0,0,1,0,0,1,0,0,0,0,0,1,0,0,0,1,0,0,0,0,0,0.622,0.686,0.492,0.509
0.442,-0.713|-0.243,0.0,0.514,0.714,0.212,0.838,0.626,1,0.0,0.6,0.614,0.79,20.0,25.0,0.021,0.411,0.476,0,1,0,0,0,0,0,0,0,0,0,0,0,0,0,0,0,0,0,0,0,0,0,0,0,0,0,0,0,1,0,0,1,0,0,0,0,0,1,0,0,0,0,0,0,1,0,0,0.271,0.609,0.492,0.509
0.442,-0.652|-0.152,0.0,0.514,0.714,0.212,0.838,0.626,1,0.0,0.6,0.614,0.79,20.0,25.0,0.021,0.496,0.508,0,1,0,0,0,0,0,0,0,0,0,0,0,0,0,0,0,0,0,0,0,0,0,0,0,0,0,0,0,1,0,0,1,0,0,0,0,0,1,0,0,0,1,0,0,0,0,0,0.483,0.475,0.492,0.509
0.443,-0.952|-0.267,0.0,0.514,0.714,0.212,0.838,0.626,1,0.0,0.6,0.614,0.79,20.0,25.0,0.021,0.514,0.506,0,1,0,0,0,0,0,0,0,0,0,0,0,0,0,0,0,0,0,0,0,0,0,0,0,0,0,0,0,1,0,0,1,0,0,0,0,0,1,0,0,0,0,1,0,0,0,0,0.127,0.576,0.492,0.509
0.443,0.123|0.877,0.0,0.514,0.714,0.212,0.838,0.626,1,0.0,0.6,0.614,0.79,20.0,25.0,0.021,0.619,0.57,0,1,0,0,0,0,0,0,0,0,0,0,0,0,0,0,0,0,0,0,0,0,0,0,0,0,0,0,0,1,0,0,1,0,0,0,0,0,1,0,0,0,1,0,0,0,0,0,0.392,0.87,0.492,0.509
0.444,-0.678|-0.152,0.0,0.514,0.714,0.212,0.838,0.626,1,0.0,0.6,0.614,0.79,20.0,25.0,0.021,0.54,0.528,0,1,0,0,0,0,0,0,0,0,0,0,0,0,0,0,0,0,0,0,0,0,0,0,0,0,0,0,0,1,0,0,1,0,0,0,0,0,1,0,0,0,1,0,0,0,0,0,0.167,0.628,0.492,0.509
0.444,0.09|0.125,0.0,0.514,0.714,0.212,0.838,0.626,1,0.0,0.6,0.614,0.79,20.0,25.0,0.021,0.49,0.518,0,1,0,0,0,0,0,0,0,0,0,0,0,0,0,0,0,0,0,0,0,0,0,0,0,0,0,0,0,1,0,0,1,0,0,0,0,0,1,0,0,0,1,0,0,0,0,0,0.36,0.7,0.492,0.509
0.444,0.741|0.325,0.0,0.514,0.714,0.212,0.838,0.626,1,0.0,0.6,0.614,0.79,20.0,25.0,0.021,0.571,0.568,0,1,0,0,0,0,0,0,0,0,0,0,0,0,0,0,0,0,0,0,0,0,0,0,0,0,0,0,0,1,0,0,1,0,0,0,0,0,1,0,0,0,1,0,0,0,0,0,0.854,0.581,0.492,0.509
0.444,0.127|0.251,0.0,0.514,0.714,0.212,0.838,0.626,1,0.0,0.6,0.614,0.79,20.0,25.0,0.021,0.556,0.538,0,1,0,0,0,0,0,0,0,0,0,0,0,0,0,0,0,0,0,0,0,0,0,0,0,0,0,0,0,1,0,0,1,0,0,0,0,0,1,0,0,0,1,0,0,0,0,0,0.701,0.563,0.492,0.509
0.445,0.934|0.124,0.0,0.514,0.714,0.212,0.838,0.626,1,0.0,0.6,0.614,0.79,20.0,25.0,0.021,0.562,0.538,0,1,0,0,0,0,0,0,0,0,0,0,0,0,0,0,0,0,0,0,0,0,0,0,0,0,0,0,0,1,0,0,1,0,0,0,0,0,1,0,0,0,0,1,0,0,0,0,0.901,0.532,0.492,0.509
0.446,-0.21|0.265,0.0,0.514,0.714,0.212,0.838,0.626,1,0.0,0.6,0.614,0.79,20.0,25.0,0.021,0.45,0.434,0,1,0,0,0,0,0,0,0,0,0,0,0,0,0,0,0,0,0,0,0,0,0,0,0,0,0,0,0,1,0,0,1,0,0,0,0,0,1,0,0,0,1,0,0,0,0,0,0.279,0.736,0.492,0.509
0.447,0.178|0.234,0.0,0.514,0.714,0.212,0.838,0.626,1,0.0,0.6,0.614,0.79,20.0,25.0,0.021,0.427,0.494,0,1,0,0,0,0,0,0,0,0,0,0,0,0,0,0,0,0,0,0,0,0,0,0,0,0,0,0,0,1,0,0,1,0,0,0,0,0,1,0,0,0,0,1,0,0,0,0,0.714,0.559,0.492,0.509
0.447,0.784|0.326,0.0,0.514,0.714,0.212,0.838,0.626,1,0.0,0.6,0.614,0.79,20.0,25.0,0.021,0.528,0.522,0,1,0,0,0,0,0,0,0,0,0,0,0,0,0,0,0,0,0,0,0,0,0,0,0,0,0,0,0,1,0,0,1,0,0,0,0,0,1,0,0,0,0,1,0,0,0,0,0.665,0.601,0.492,0.509
0.447,-0.675|-0.215,0.0,0.514,0.714,0.212,0.838,0.626,1,0.0,0.6,0.614,0.79,20.0,25.0,0.021,0.458,0.498,0,1,0,0,0,0,0,0,0,0,0,0,0,0,0,0,0,0,0,0,0,0,0,0,0,0,0,0,0,1,0,0,1,0,0,0,0,0,1,0,0,0,1,0,0,0,0,0,0.165,0.464,0.492,0.509
0.447,-0.851|-0.129,0.0,0.514,0.714,0.212,0.838,0.626,1,0.0,0.6,0.614,0.79,20.0,25.0,0.021,0.58,0.507,0,1,0,0,0,0,0,0,0,0,0,0,0,0,0,0,0,0,0,0,0,0,0,0,0,0,0,0,0,1,0,0,1,0,0,0,0,0,1,0,0,0,0,1,0,0,0,0,0.242,0.474,0.492,0.509
0.448,-0.793|-0.149,0.0,0.514,0.714,0.212,0.838,0.626,1,0.0,0.6,0.614,0.79,20.0,25.0,0.021,0.511,0.478,0,1,0,0,0,0,0,0,0,0,0,0,0,0,0,0,0,0,0,0,0,0,0,0,0,0,0,0,0,1,0,0,1,0,0,0,0,0,1,0,0,1,0,0,0,0,0,0,0.29,0.466,0.492,0.509
0.449,0.129|0.894,0.0,0.514,0.714,0.212,0.838,0.626,1,0.0,0.6,0.614,0.79,20.0,25.0,0.021,0.696,0.638,0,1,0,0,0,0,0,0,0,0,0,0,0,0,0,0,0,0,0,0,0,0,0,0,0,0,0,0,0,1,0,0,1,0,0,0,0,0,1,0,0,0,0,0,0,1,0,0,0.546,0.724,0.492,0.509
0.449,-0.097|0.784,0.0,0.514,0.714,0.212,0.838,0.626,1,0.0,0.6,0.614,0.79,20.0,25.0,0.021,0.502,0.53,0,1,0,0,0,0,0,0,0,0,0,0,0,0,0,0,0,0,0,0,0,0,0,0,0,0,0,0,0,1,0,0,1,0,0,0,0,0,1,0,0,0,0,1,0,0,0,0,0.385,0.859,0.492,0.509
0.45,0.197|0.123,0.0,0.514,0.714,0.212,0.838,0.626,1,0.0,0.6,0.614,0.79,20.0,25.0,0.021,0.522,0.558,0,1,0,0,0,0,0,0,0,0,0,0,0,0,0,0,0,0,0,0,0,0,0,0,0,0,0,0,0,1,0,0,1,0,0,0,0,0,1,0,0,1,0,0,0,0,0,0,0.713,0.531,0.492,0.509
0.45,0.217|0.924,0.0,0.514,0.714,0.212,0.838,0.626,1,0.0,0.6,0.614,0.79,20.0,25.0,0.021,0.581,0.511,0,1,0,0,0,0,0,0,0,0,0,0,0,0,0,0,0,0,0,0,0,0,0,0,0,0,0,0,0,1,0,0,1,0,0,0,0,0,1,0,0,0,0,0,1,0,0,0,0.694,0.733,0.492,0.509
0.451,0.764|0.351,0.0,0.514,0.714,0.212,0.838,0.626,1,0.0,0.614,0.614,0.77,21.0,24.0,0.021,0.593,0.501,0,1,0,0,0,0,0,0,0,0,0,0,0,0,0,0,0,0,0,0,0,0,0,0,0,0,0,0,0,1,0,0,1,0,0,0,0,0,1,0,0,0,0,1,0,0,0,0,0.688,0.589,0.492,0.509
0.451,0.745|0.216,0.0,0.514,0.714,0.212,0.838,0.626,1,0.0,0.614,0.614,0.77,21.0,24.0,0.021,0.646,0.605,0,1,0,0,0,0,0,0,0,0,0,0,0,0,0,0,0,0,0,0,0,0,0,0,0,0,0,0,0,1,0,0,1,0,0,0,0,0,1,0,0,0,0,1,0,0,0,0,0.58,0.722,0.492,0.509
0.451,0.127|0.768,0.0,0.514,0.714,0.212,0.838,0.626,1,0.0,0.614,0.614,0.77,21.0,24.0,0.021,0.626,0.617,0,1,0,0,0,0,0,0,0,0,0,0,0,0,0,0,0,0,0,0,0,0,0,0,0,0,0,0,0,1,0,0,1,0,0,0,0,0,1,0,0,0,0,1,0,0,0,0,0.7,0.693,0.492,0.509
0.452,0.085|-0.122,0.0,0.514,0.714,0.212,0.838,0.626,1,0.0,0.614,0.614,0.77,21.0,24.0,0.021,0.529,0.519,0,1,0,0,0,0,0,0,0,0,0,0,0,0,0,0,0,0,0,0,0,0,0,0,0,0,0,0,0,1,0,0,1,0,0,0,0,0,1,0,0,0,0,1,0,0,0,0,0.351,0.634,0.492,0.509
0.452,0.651|0.326,0.0,0.514,0.714,0.212,0.838,0.626,1,0.0,0.614,0.614,0.77,21.0,24.0,0.021,0.536,0.554,0,1,0,0,0,0,0,0,0,0,0,0,0,0,0,0,0,0,0,0,0,0,0,0,0,0,0,0,0,1,0,0,1,0,0,0,0,0,1,0,0,0,1,0,0,0,0,0,0.498,0.749,0.492,0.509
0.453,-0.781|-0.219,0.0,0.514,0.714,0.212,0.838,0.626,1,0.0,0.614,0.614,0.77,21.0,24.0,0.021,0.546,0.503,0,1,0,0,0,0,0,0,0,0,0,0,0,0,0,0,0,0,0,0,0,0,0,0,0,0,0,0,0,1,0,0,1,0,0,0,0,0,1,0,0,0,0,1,0,0,0,0,0.143,0.613,0.492,0.509
0.453,-0.836|-0.178,0.0,0.514,0.714,0.212,0.838,0.626,1,0.0,0.614,0.614,0.77,21.0,24.0,0.021,0.524,0.488,0,1,0,0,0,0,0,0,0,0,0,0,0,0,0,0,0,0,0,0,0,0,0,0,0,0,0,0,0,1,0,0,1,0,0,0,0,0,1,0,0,0,1,0,0,0,0,0,0.13,0.572,0.492,0.509
0.453,0.967|0.823,0.0,0.514,0.714,0.212,0.838,0.626,1,0.0,0.614,0.614,0.77,21.0,24.0,0.021,0.616,0.587,0,1,0,0,0,0,0,0,0,0,0,0,0,0,0,0,0,0,0,0,0,0,0,0,0,0,0,0,0,1,0,0,1,0,0,0,0,0,1,0,0,0,0,0,1,0,0,0,0.702,0.81,0.492,0.509
0.453,0.789|0.682,0.0,0.514,0.714,0.212,0.838,0.626,1,0.0,0.614,0.614,0.77,21.0,24.0,0.021,0.608,0.487,0,1,0,0,0,0,0,0,0,0,0,0,0,0,0,0,0,0,0,0,0,0,0,0,0,0,0,0,0,1,0,0,1,0,0,0,0,0,1,0,0,0,1,0,0,0,0,0,0.689,0.671,0.492,0.509
0.454,0.923|0.951,0.0,0.514,0.714,0.212,0.838,0.626,1,0.0,0.614,0.614,0.77,21.0,24.0,0.021,0.626,0.554,0,1,0,0,0,0,0,0,0,0,0,0,0,0,0,0,0,0,0,0,0,0,0,0,0,0,0,0,0,1,0,0,1,0,0,0,0,0,1,0,0,0,1,0,0,0,0,0,0.692,0.845,0.492,0.509
0.455,0.842|0.548,0.0,0.514,0.714,0.212,0.838,0.626,1,0.0,0.614,0.614,0.77,21.0,24.0,0.021,0.576,0.56,0,1,0,0,0,0,0,0,0,0,0,0,0,0,0,0,0,0,0,0,0,0,0,0,0,0,0,0,0,1,0,0,1,0,0,0,0,0,1,0,0,0,1,0,0,0,0,0,0.599,0.727,0.492,0.509
0.455,-0.913|-0.251,0.0,0.514,0.714,0.212,0.838,0.626,1,0.0,0.614,0.614,0.77,21.0,24.0,0.021,0.445,0.49,0,1,0,0,0,0,0,0,0,0,0,0,0,0,0,0,0,0,0,0,0,0,0,0,0,0,0,0,0,1,0,0,1,0,0,0,0,0,1,0,0,0,1,0,0,0,0,0,0.146,0.544,0.492,0.509
0.456,-0.873|-0.162,0.0,0.514,0.714,0.212,0.838,0.626,1,0.0,0.614,0.614,0.77,21.0,24.0,0.021,0.452,0.484,0,1,0,0,0,0,0,0,0,0,0,0,0,0,0,0,0,0,0,0,0,0,0,0,0,0,0,0,0,1,0,0,1,0,0,0,0,0,1,0,0,0,1,0,0,0,0,0,0.114,0.628,0.492,0.509
0.456,0.126|0.218,0.0,0.514,0.714,0.212,0.838,0.626,1,0.0,0.614,0.614,0.77,21.0,24.0,0.021,0.683,0.574,0,1,0,0,0,0,0,0,0,0,0,0,0,0,0,0,0,0,0,0,0,0,0,0,0,0,0,0,0,1,0,0,1,0,0,0,0,0,1,0,0,0,1,0,0,0,0,0,0.363,0.651,0.492,0.509
0.456,0.876|-0.213,0.0,0.514,0.714,0.212,0.838,0.626,1,0.0,0.614,0.614,0.77,21.0,24.0,0.021,0.388,0.49,0,1,0,0,0,0,0,0,0,0,0,0,0,0,0,0,0,0,0,0,0,0,0,0,0,0,0,0,0,1,0,0,1,0,0,0,0,0,1,0,0,0,0,0,0,1,0,0,0.559,0.611,0.492,0.509
0.456,0.678|0.351,0.0,0.514,0.714,0.212,0.838,0.626,1,0.0,0.614,0.614,0.77,21.0,24.0,0.021,0.604,0.606,0,1,0,0,0,0,0,0,0,0,0,0,0,0,0,0,0,0,0,0,0,0,0,0,0,0,0,0,0,1,0,0,1,0,0,0,0,0,1,0,0,0,1,0,0,0,0,0,0.511,0.756,0.492,0.509
0.457,0.142|0.086,0.0,0.514,0.714,0.212,0.838,0.626,1,0.0,0.614,0.614,0.77,21.0,24.0,0.021,0.64,0.61,0,1,0,0,0,0,0,0,0,0,0,0,0,0,0,0,0,0,0,0,0,0,0,0,0,0,0,0,0,1,0,0,1,0,0,0,0,0,1,0,0,0,1,0,0,0,0,0,0.379,0.638,0.492,0.509
0.458,-0.876|-0.263,0.0,0.514,0.714,0.212,0.838,0.626,1,0.0,0.614,0.614,0.77,21.0,24.0,0.021,0.376,0.457,0,1,0,0,0,0,0,0,0,0,0,0,0,0,0,0,0,0,0,0,0,0,0,0,0,0,0,0,0,1,0,0,1,0,0,0,0,0,1,0,0,0,0,0,1,0,0,0,0.23,0.453,0.492,0.509
0.458,-0.784|-0.159,0.0,0.514,0.714,0.212,0.838,0.626,1,0.0,0.614,0.614,0.77,21.0,24.0,0.021,0.454,0.488,0,1,0,0,0,0,0,0,0,0,0,0,0,0,0,0,0,0,0,0,0,0,0,0,0,0,0,0,0,1,0,0,1,0,0,0,0,0,1,0,0,0,0,0,1,0,0,0,0.228,0.582,0.492,0.509
0.458,-0.692|-0.367,0.0,0.514,0.714,0.212,0.838,0.626,1,0.0,0.614,0.614,0.77,21.0,24.0,0.021,0.533,0.54,0,1,0,0,0,0,0,0,0,0,0,0,0,0,0,0,0,0,0,0,0,0,0,0,0,0,0,0,0,1,0,0,1,0,0,0,0,0,1,0,0,0,1,0,0,0,0,0,0.407,0.459,0.492,0.509
0.458,0.129|0.029,0.0,0.514,0.714,0.212,0.838,0.626,1,0.0,0.614,0.614,0.77,21.0,24.0,0.021,0.608,0.59,0,1,0,0,0,0,0,0,0,0,0,0,0,0,0,0,0,0,0,0,0,0,0,0,0,0,0,0,0,1,0,0,1,0,0,0,0,0,1,0,0,0,0,1,0,0,0,0,0.702,0.507,0.492,0.509
0.459,0.879|0.541,0.0,0.514,0.714,0.212,0.838,0.626,1,0.0,0.614,0.614,0.77,21.0,24.0,0.021,0.674,0.583,0,1,0,0,0,0,0,0,0,0,0,0,0,0,0,0,0,0,0,0,0,0,0,0,0,0,0,0,0,1,0,0,1,0,0,0,0,0,1,0,0,0,0,1,0,0,0,0,0.879,0.638,0.492,0.509
0.46,0.148|0.645,0.0,0.514,0.714,0.212,0.838,0.626,1,0.0,0.614,0.614,0.77,21.0,24.0,0.021,0.65,0.612,0,1,0,0,0,0,0,0,0,0,0,0,0,0,0,0,0,0,0,0,0,0,0,0,0,0,0,0,0,1,0,0,1,0,0,0,0,0,1,0,0,0,1,0,0,0,0,0,0.476,0.778,0.492,0.509
0.46,0.793|0.351,0.0,0.514,0.714,0.212,0.838,0.626,1,0.0,0.614,0.614,0.77,21.0,24.0,0.021,0.596,0.55,0,1,0,0,0,0,0,0,0,0,0,0,0,0,0,0,0,0,0,0,0,0,0,0,0,0,0,0,0,1,0,0,1,0,0,0,0,0,1,0,0,0,1,0,0,0,0,0,0.868,0.588,0.492,0.509
0.46,0.143|0.129,0.0,0.514,0.714,0.212,0.838,0.626,1,0.0,0.614,0.614,0.77,21.0,24.0,0.021,0.489,0.465,0,1,0,0,0,0,0,0,0,0,0,0,0,0,0,0,0,0,0,0,0,0,0,0,0,0,0,0,0,1,0,0,1,0,0,0,0,0,1,0,0,0,0,1,0,0,0,0,0.37,0.656,0.492,0.509
0.461,0.761|0.265,0.0,0.514,0.714,0.212,0.838,0.626,1,0.0,0.614,0.614,0.77,21.0,24.0,0.021,0.626,0.613,0,1,0,0,0,0,0,0,0,0,0,0,0,0,0,0,0,0,0,0,0,0,0,0,0,0,0,0,0,1,0,0,1,0,0,0,0,0,1,0,0,0,0,1,0,0,0,0,0.86,0.566,0.492,0.509
0.461,-0.792|-0.152,0.0,0.514,0.714,0.212,0.838,0.626,1,0.0,0.614,0.614,0.77,21.0,24.0,0.021,0.592,0.554,0,1,0,0,0,0,0,0,0,0,0,0,0,0,0,0,0,0,0,0,0,0,0,0,0,0,0,0,0,1,0,0,1,0,0,0,0,0,1,0,0,0,0,1,0,0,0,0,0.465,0.465,0.492,0.509
0.462,0.685|0.265,0.0,0.514,0.714,0.212,0.838,0.626,1,0.0,0.614,0.614,0.77,21.0,24.0,0.021,0.612,0.6,0,1,0,0,0,0,0,0,0,0,0,0,0,0,0,0,0,0,0,0,0,0,0,0,0,0,0,0,0,1,0,0,1,0,0,0,0,0,1,0,0,0,1,0,0,0,0,0,0.508,0.731,0.492,0.509
0.472,0.731|0.359,0.0,0.514,0.714,0.212,0.838,0.626,1,0.59,0.643,0.657,0.75,21.0,28.0,0.037,0.596,0.55,0,1,0,0,0,0,0,0,0,0,0,0,0,0,0,0,0,0,0,0,0,0,0,0,0,0,0,0,0,1,0,0,1,0,0,0,0,0,1,0,0,0,0,1,0,0,0,0,0.673,0.76,0.787,0.525
0.374,-0.793|-0.267,0.0,0.514,0.686,0.212,0.838,0.626,1,0.75,0.543,0.557,0.97,17.0,21.0,0.014,0.548,0.552,0,1,0,0,0,0,0,0,0,0,0,0,0,0,0,0,0,0,0,0,0,0,0,0,0,0,0,0,1,0,0,0,1,0,0,0,0,0,1,0,0,0,0,1,0,0,0,0,0.208,0.565,0.819,0.509
0.379,-0.702|-0.362,0.0,0.514,0.686,0.212,0.838,0.626,1,0.75,0.543,0.557,0.97,17.0,21.0,0.014,0.568,0.496,0,1,0,0,0,0,0,0,0,0,0,0,0,0,0,0,0,0,0,0,0,0,0,0,0,0,0,0,1,0,0,0,1,0,0,0,0,0,1,0,0,0,1,0,0,0,0,0,0.159,0.57,0.206,0.79
0.381,0.961|0.658,0.0,0.514,0.686,0.212,0.838,0.626,1,0.4,0.571,0.571,0.95,19.0,22.0,0.036,0.641,0.585,0,1,0,0,0,0,0,0,0,0,0,0,0,0,0,0,0,0,0,0,0,0,0,0,0,0,0,0,1,0,0,0,1,0,0,0,0,0,1,0,0,0,0,1,0,0,0,0,0.848,0.682,0.698,0.57
0.384,-0.762|-0.432,0.0,0.514,0.686,0.212,0.838,0.626,1,1.0,0.557,0.571,0.95,18.0,22.0,0.014,0.602,0.521,0,1,0,0,0,0,0,0,0,0,0,0,0,0,0,0,0,0,0,0,0,0,0,0,0,0,0,0,1,0,0,0,1,0,0,0,0,0,1,0,0,0,0,0,0,1,0,0,0.14,0.431,0.261,0.553
0.387,0.681|0.416,0.0,0.514,0.686,0.212,0.838,0.626,1,1.0,0.557,0.571,0.95,18.0,22.0,0.014,0.633,0.542,0,1,0,0,0,0,0,0,0,0,0,0,0,0,0,0,0,0,0,0,0,0,0,0,0,0,0,0,1,0,0,0,1,0,0,0,0,0,1,0,0,1,0,0,0,0,0,0,0.579,0.71,0.17,0.817
0.388,-0.594|-0.129,0.0,0.514,0.686,0.212,0.838,0.626,1,1.0,0.557,0.571,0.94,19.0,22.0,0.014,0.576,0.526,0,1,0,0,0,0,0,0,0,0,0,0,0,0,0,0,0,0,0,0,0,0,0,0,0,0,0,0,1,0,0,0,1,0,0,0,0,0,1,0,0,0,0,0,0,1,0,0,0.191,0.495,0.185,0.563
0.401,0.699|0.341,0.0,0.514,0.686,0.212,0.838,0.626,1,1.0,0.557,0.557,0.94,19.0,19.0,0.014,0.554,0.521,0,1,0,0,0,0,0,0,0,0,0,0,0,0,0,0,0,0,0,0,0,0,0,0,0,0,0,0,1,0,0,0,1,0,0,0,0,0,1,0,0,0,0,0,1,0,0,0,0.675,0.585,0.511,0.548
0.403,-0.683|0.541,0.0,0.514,0.686,0.212,0.838,0.626,1,1.0,0.557,0.557,0.94,19.0,19.0,0.014,0.497,0.506,0,1,0,0,0,0,0,0,0,0,0,0,0,0,0,0,0,0,0,0,0,0,0,0,0,0,0,0,1,0,0,0,1,0,0,0,0,0,1,0,0,0,1,0,0,0,0,0,0.16,0.647,0.207,0.716
0.429,0.723|0.281,0.0,0.514,0.686,0.212,0.838,0.626,1,1.0,0.586,0.586,0.88,20.0,24.0,0.027,0.585,0.561,0,1,0,0,0,0,0,0,0,0,0,0,0,0,0,0,0,0,0,0,0,0,0,0,0,0,0,0,1,0,0,0,1,0,0,0,0,0,1,0,0,0,1,0,0,0,0,0,0.85,0.57,0.375,0.796
0.541,0.689|0.461,0.0,0.5,0.671,0.212,0.839,0.626,1,0.4,0.643,0.643,0.66,21.0,28.0,0.055,0.558,0.536,0,0,1,0,0,0,0,0,0,0,0,0,0,0,0,0,0,0,0,0,0,0,0,0,0,0,0,0,1,0,0,0,1,0,0,0,1,0,0,0,0,0,0,0,0,1,0,0,0.503,0.748,0.365,0.559
0.548,0.716|0.261,0.0,0.5,0.671,0.212,0.839,0.626,1,0.08,0.643,0.657,0.68,22.0,27.0,0.06,0.676,0.647,0,0,1,0,0,0,0,0,0,0,0,0,0,0,0,0,0,0,0,0,0,0,0,0,0,0,0,0,1,0,0,0,1,0,0,0,1,0,0,0,0,0,1,0,0,0,0,0,0.551,0.7,0.319,0.69
0.55,-0.782|-0.263,0.0,0.5,0.671,0.212,0.839,0.626,1,0.08,0.657,0.657,0.7,22.0,27.0,0.06,0.556,0.532,0,0,1,0,0,0,0,0,0,0,0,0,0,0,0,0,0,0,0,0,0,0,0,0,0,0,0,0,1,0,0,0,1,0,0,0,1,0,0,0,0,0,0,0,1,0,0,0,0.135,0.447,0.452,0.558
0.674,0.127|0.193,0.0,0.5,0.671,0.212,0.839,0.626,1,0.1,0.657,0.657,0.68,22.0,29.0,0.071,0.612,0.546,0,0,1,0,0,0,0,0,0,0,0,0,0,0,0,0,0,0,0,0,0,0,0,0,0,0,0,0,1,0,0,0,1,0,0,0,1,0,0,0,0,0,0,0,0,1,0,0,0.367,0.713,0.16,0.617
0.676,-0.183|0.2,0.0,0.5,0.671,0.212,0.839,0.626,1,0.1,0.657,0.657,0.68,22.0,29.0,0.071,0.572,0.511,0,0,1,0,0,0,0,0,0,0,0,0,0,0,0,0,0,0,0,0,0,0,0,0,0,0,0,0,1,0,0,0,1,0,0,0,1,0,0,0,0,0,0,0,0,1,0,0,0.286,0.623,0.193,0.51
0.68,0.12|0.792,0.0,0.5,0.671,0.212,0.839,0.626,1,0.1,0.657,0.657,0.68,21.0,30.0,0.071,0.527,0.514,0,0,1,0,0,0,0,0,0,0,0,0,0,0,0,0,0,0,0,0,0,0,0,0,0,0,0,0,1,0,0,0,1,0,0,0,1,0,0,0,0,0,0,0,0,1,0,0,0.501,0.698,0.172,0.5
0.683,0.791|0.261,0.0,0.5,0.671,0.212,0.839,0.626,1,0.1,0.657,0.657,0.68,22.0,30.0,0.071,0.655,0.6,0,0,1,0,0,0,0,0,0,0,0,0,0,0,0,0,0,0,0,0,0,0,0,0,0,0,0,0,1,0,0,0,1,0,0,0,1,0,0,0,0,0,1,0,0,0,0,0,0.584,0.676,0.161,0.709
0.686,-0.512|-0.362,0.0,0.5,0.671,0.212,0.839,0.626,1,0.1,0.643,0.643,0.67,22.0,25.0,0.006,0.51,0.546,0,0,1,0,0,0,0,0,0,0,0,0,0,0,0,0,0,0,0,0,0,0,0,0,0,0,0,0,1,0,0,0,1,0,0,0,1,0,0,0,0,0,0,0,0,1,0,0,0.203,0.437,0.28,0.51
0.69,0.794|0.269,0.0,0.5,0.671,0.212,0.839,0.626,1,0.1,0.643,0.643,0.67,22.0,25.0,0.006,0.67,0.606,0,0,1,0,0,0,0,0,0,0,0,0,0,0,0,0,0,0,0,0,0,0,0,0,0,0,0,0,1,0,0,0,1,0,0,0,1,0,0,0,0,0,0,0,0,1,0,0,0.642,0.663,0.16,0.663
0.692,0.814|0.211,0.0,0.5,0.671,0.212,0.839,0.626,1,0.1,0.643,0.643,0.67,22.0,25.0,0.006,0.574,0.54,0,0,1,0,0,0,0,0,0,0,0,0,0,0,0,0,0,0,0,0,0,0,0,0,0,0,0,0,1,0,0,0,1,0,0,0,1,0,0,0,0,0,0,0,0,1,0,0,0.534,0.713,0.171,0.506
0.694,0.983|0.331,0.0,0.5,0.671,0.212,0.839,0.626,1,0.08,0.657,0.657,0.69,21.0,29.0,0.074,0.556,0.542,0,0,1,0,0,0,0,0,0,0,0,0,0,0,0,0,0,0,0,0,0,0,0,0,0,0,0,0,1,0,0,0,1,0,0,0,1,0,0,0,0,0,0,0,0,1,0,0,0.586,0.613,0.16,0.502
0.698,0.216|0.192,0.0,0.5,0.671,0.212,0.839,0.626,1,0.08,0.657,0.657,0.69,21.0,29.0,0.074,0.618,0.588,0,0,1,0,0,0,0,0,0,0,0,0,0,0,0,0,0,0,0,0,0,0,0,0,0,0,0,0,1,0,0,0,1,0,0,0,1,0,0,0,0,0,0,0,1,0,0,0,0.385,0.685,0.497,0.509
0.701,0.743|0.261,0.0,0.5,0.671,0.212,0.839,0.626,1,0.08,0.671,0.686,0.59,21.0,29.0,0.074,0.502,0.491,0,0,1,0,0,0,0,0,0,0,0,0,0,0,0,0,0,0,0,0,0,0,0,0,0,0,0,0,1,0,0,0,1,0,0,0,1,0,0,0,0,0,0,0,0,1,0,0,0.516,0.709,0.226,0.58
0.706,0.864|0.461,0.0,0.5,0.671,0.212,0.839,0.626,1,0.2,0.614,0.614,0.64,21.0,25.0,0.082,0.594,0.582,0,0,1,0,0,0,0,0,0,0,0,0,0,0,0,0,0,0,0,0,0,0,0,0,0,0,0,0,1,0,0,0,1,0,0,0,1,0,0,0,0,0,1,0,0,0,0,0,0.561,0.77,0.16,0.822
0.726,0.623|0.428,0.0,0.5,0.671,0.212,0.839,0.626,1,0.2,0.629,0.643,0.64,21.0,29.0,0.082,0.525,0.552,0,0,1,0,0,0,0,0,0,0,0,0,0,0,0,0,0,0,0,0,0,0,0,0,0,0,0,0,1,0,0,0,1,0,0,0,1,0,0,0,0,0,1,0,0,0,0,0,0.514,0.757,0.174,0.829
0.729,-0.791|-0.191,0.0,0.5,0.671,0.212,0.839,0.626,1,0.2,0.629,0.643,0.64,21.0,29.0,0.082,0.544,0.364,0,0,1,0,0,0,0,0,0,0,0,0,0,0,0,0,0,0,0,0,0,0,0,0,0,0,0,0,1,0,0,0,1,0,0,0,1,0,0,0,0,0,1,0,0,0,0,0,0.184,0.541,0.18,0.821
0.731,0.693|0.127,0.0,0.5,0.671,0.212,0.839,0.626,1,0.2,0.629,0.629,0.64,21.0,29.0,0.082,0.652,0.592,0,0,1,0,0,0,0,0,0,0,0,0,0,0,0,0,0,0,0,0,0,0,0,0,0,0,0,0,1,0,0,0,1,0,0,0,1,0,0,0,0,0,1,0,0,0,0,0,0.512,0.693,0.16,0.674
0.749,0.793|0.266,0.0,0.5,0.671,0.212,0.839,0.626,1,0.2,0.629,0.629,0.64,21.0,28.0,0.082,0.576,0.598,0,0,1,0,0,0,0,0,0,0,0,0,0,0,0,0,0,0,0,0,0,0,0,0,0,0,0,0,1,0,0,0,1,0,0,0,1,0,0,0,0,0,1,0,0,0,0,0,0.529,0.732,0.298,0.745
0.751,0.662|0.461,0.0,0.5,0.671,0.212,0.839,0.626,1,0.2,0.629,0.629,0.64,21.0,28.0,0.082,0.633,0.592,0,0,1,0,0,0,0,0,0,0,0,0,0,0,0,0,0,0,0,0,0,0,0,0,0,0,0,0,1,0,0,0,1,0,0,0,0,1,0,0,0,0,0,0,1,0,0,0,0.496,0.783,0.646,0.501
0.753,-0.826|-0.421,0.0,0.5,0.671,0.212,0.839,0.626,1,0.2,0.629,0.629,0.64,21.0,28.0,0.082,0.611,0.563,0,0,1,0,0,0,0,0,0,0,0,0,0,0,0,0,0,0,0,0,0,0,0,0,0,0,0,0,1,0,0,0,1,0,0,0,0,1,0,0,0,0,0,0,1,0,0,0,0.128,0.562,0.499,0.5
0.758,0.163|0.125,0.0,0.5,0.671,0.212,0.839,0.626,1,0.2,0.629,0.629,0.64,21.0,28.0,0.082,0.48,0.534,0,0,1,0,0,0,0,0,0,0,0,0,0,0,0,0,0,0,0,0,0,0,0,0,0,0,0,0,1,0,0,0,1,0,0,0,0,1,0,0,0,0,0,1,0,0,0,0,0.598,0.538,0.814,0.5
0.76,-0.791|0.267,0.0,0.5,0.671,0.212,0.839,0.626,1,0.2,0.629,0.629,0.68,21.0,28.0,0.089,0.57,0.56,0,0,1,0,0,0,0,0,0,0,0,0,0,0,0,0,0,0,0,0,0,0,0,0,0,0,0,0,1,0,0,0,1,0,0,0,0,1,0,0,0,0,1,0,0,0,0,0,0.132,0.707,0.188,0.796
0.762,0.092|0.135,0.0,0.5,0.671,0.212,0.839,0.626,1,0.2,0.629,0.629,0.68,21.0,27.0,0.089,0.44,0.496,0,0,1,0,0,0,0,0,0,0,0,0,0,0,0,0,0,0,0,0,0,0,0,0,0,0,0,0,1,0,0,0,1,0,0,0,0,1,0,0,0,0,1,0,0,0,0,0,0.354,0.568,0.161,0.837
0.765,-0.682|-0.345,0.0,0.5,0.671,0.212,0.839,0.626,1,0.2,0.629,0.629,0.68,21.0,28.0,0.089,0.411,0.476,0,0,1,0,0,0,0,0,0,0,0,0,0,0,0,0,0,0,0,0,0,0,0,0,0,0,0,0,1,0,0,0,1,0,0,0,0,1,0,0,0,0,0,0,1,0,0,0,0.263,0.416,0.424,0.566
0.767,-0.945|-0.364,0.0,0.5,0.671,0.212,0.839,0.626,1,0.2,0.629,0.629,0.68,20.0,27.0,0.089,0.496,0.508,0,0,1,0,0,0,0,0,0,0,0,0,0,0,0,0,0,0,0,0,0,0,0,0,0,0,0,0,1,0,0,0,1,0,0,0,0,1,0,0,0,0,1,0,0,0,0,0,0.275,0.41,0.234,0.712
0.863,0.936|0.596,0.0,0.5,0.671,0.212,0.839,0.626,1,0.4,0.586,0.586,0.78,19.0,21.0,0.075,0.568,0.516,0,0,1,0,0,0,0,0,0,0,0,0,0,0,0,0,0,0,0,0,0,0,0,0,0,0,0,0,1,0,0,0,1,0,0,0,0,1,0,0,0,0,0,0,1,0,0,0,0.686,0.678,0.5,0.5
0.919,0.941|0.391,0.0,0.5,0.671,0.212,0.839,0.626,1,0.2,0.571,0.571,0.85,18.0,20.0,0.075,0.577,0.621,0,0,1,0,0,0,0,0,0,0,0,0,0,0,0,0,0,0,0,0,0,0,0,0,0,0,0,0,1,0,0,0,1,0,0,0,0,0,0,1,0,0,0,0,1,0,0,0,0.688,0.646,0.412,0.523
0.506,-0.923|-0.251,0.0,0.514,0.743,0.212,0.839,0.626,1,0.0,0.7,0.757,0.66,21.0,32.0,0.036,0.427,0.494,0,0,1,0,0,0,0,0,0,0,0,0,0,0,0,0,0,0,0,0,0,0,0,0,0,0,0,0,0,1,0,0,1,0,0,0,1,0,0,0,0,0,0,0,1,0,0,0,0.209,0.455,0.641,0.505
0.511,0.197|0.211,0.0,0.514,0.743,0.212,0.839,0.626,1,0.0,0.686,0.729,0.64,21.0,33.0,0.041,0.528,0.522,0,0,1,0,0,0,0,0,0,0,0,0,0,0,0,0,0,0,0,0,0,0,0,0,0,0,0,0,0,1,0,0,1,0,0,0,1,0,0,0,0,0,0,1,0,0,0,0,0.527,0.568,0.511,0.615
0.513,-0.897|-0.251,0.0,0.514,0.743,0.212,0.839,0.626,1,0.0,0.7,0.757,0.66,21.0,32.0,0.036,0.458,0.498,0,0,1,0,0,0,0,0,0,0,0,0,0,0,0,0,0,0,0,0,0,0,0,0,0,0,0,0,0,1,0,0,1,0,0,0,1,0,0,0,0,0,0,0,0,1,0,0,0.296,0.526,0.361,0.609
0.705,0.887|0.452,0.0,0.514,0.743,0.212,0.839,0.626,1,0.0,0.7,0.729,0.54,22.0,36.0,0.082,0.58,0.507,0,0,1,0,0,0,0,0,0,0,0,0,0,0,0,0,0,0,0,0,0,0,0,0,0,0,0,0,0,1,0,0,1,0,0,0,1,0,0,0,0,0,0,0,1,0,0,0,0.722,0.765,0.508,0.514
0.725,-0.982|-0.293,0.0,0.514,0.743,0.212,0.839,0.626,1,0.0,0.7,0.729,0.54,22.0,36.0,0.075,0.511,0.478,0,0,1,0,0,0,0,0,0,0,0,0,0,0,0,0,0,0,0,0,0,0,0,0,0,0,0,0,0,1,0,0,1,0,0,0,1,0,0,0,0,0,0,0,1,0,0,0,0.085,0.597,0.5,0.5
0.748,0.762|0.261,0.0,0.514,0.743,0.212,0.839,0.626,1,0.0,0.7,0.714,0.54,22.0,35.0,0.075,0.696,0.638,0,0,1,0,0,0,0,0,0,0,0,0,0,0,0,0,0,0,0,0,0,0,0,0,0,0,0,0,0,1,0,0,1,0,0,0,1,0,0,0,0,0,0,0,0,1,0,0,0.524,0.704,0.16,0.528
0.751,-0.893|-0.368,0.0,0.514,0.743,0.212,0.839,0.626,1,0.0,0.7,0.714,0.54,22.0,35.0,0.075,0.502,0.53,0,0,1,0,0,0,0,0,0,0,0,0,0,0,0,0,0,0,0,0,0,0,0,0,0,0,0,0,0,1,0,0,1,0,0,0,0,1,0,0,0,0,0,0,0,1,0,0,0.107,0.417,0.179,0.549
0.754,-0.765|-0.625,0.0,0.514,0.743,0.212,0.839,0.626,1,0.03,0.729,0.743,0.5,22.0,34.0,0.065,0.522,0.558,0,0,1,0,0,0,0,0,0,0,0,0,0,0,0,0,0,0,0,0,0,0,0,0,0,0,0,0,0,1,0,0,1,0,0,0,0,1,0,0,0,0,1,0,0,0,0,0,0.197,0.358,0.164,0.818
0.757,0.876|0.362,0.0,0.514,0.743,0.212,0.839,0.626,1,0.03,0.729,0.743,0.5,21.0,34.0,0.065,0.581,0.511,0,0,1,0,0,0,0,0,0,0,0,0,0,0,0,0,0,0,0,0,0,0,0,0,0,0,0,0,0,1,0,0,1,0,0,0,0,1,0,0,0,0,1,0,0,0,0,0,0.551,0.614,0.241,0.715
0.762,0.915|0.521,0.0,0.514,0.743,0.212,0.839,0.626,1,0.0,0.7,0.714,0.51,21.0,34.0,0.075,0.593,0.501,0,0,1,0,0,0,0,0,0,0,0,0,0,0,0,0,0,0,0,0,0,0,0,0,0,0,0,0,0,1,0,0,1,0,0,0,0,1,0,0,0,0,0,0,0,1,0,0,0.559,0.8,0.166,0.502
0.766,0.862|0.421,0.0,0.514,0.743,0.212,0.839,0.626,1,0.0,0.7,0.714,0.51,21.0,34.0,0.075,0.646,0.605,0,0,1,0,0,0,0,0,0,0,0,0,0,0,0,0,0,0,0,0,0,0,0,0,0,0,0,0,0,1,0,0,1,0,0,0,0,1,0,0,0,0,1,0,0,0,0,0,0.627,0.738,0.167,0.836
0.767,0.124|0.792,0.0,0.514,0.743,0.212,0.839,0.626,1,0.0,0.7,0.714,0.51,21.0,34.0,0.075,0.626,0.617,0,0,1,0,0,0,0,0,0,0,0,0,0,0,0,0,0,0,0,0,0,0,0,0,0,0,0,0,0,1,0,0,1,0,0,0,0,1,0,0,0,0,0,0,1,0,0,0,0.483,0.799,0.366,0.655
0.769,0.078|0.924,0.0,0.514,0.743,0.212,0.839,0.626,1,0.0,0.7,0.714,0.51,21.0,34.0,0.075,0.529,0.519,0,0,1,0,0,0,0,0,0,0,0,0,0,0,0,0,0,0,0,0,0,0,0,0,0,0,0,0,0,1,0,0,1,0,0,0,0,1,0,0,0,0,0,0,1,0,0,0,0.451,0.85,0.433,0.573
0.773,-0.794|-0.451,0.0,0.514,0.743,0.212,0.839,0.626,1,0.0,0.7,0.7,0.51,21.0,33.0,0.075,0.536,0.554,0,0,1,0,0,0,0,0,0,0,0,0,0,0,0,0,0,0,0,0,0,0,0,0,0,0,0,0,0,1,0,0,1,0,0,0,0,1,0,0,0,0,1,0,0,0,0,0,0.222,0.449,0.16,0.835
0.775,-0.152|-0.092,0.0,0.514,0.743,0.212,0.839,0.626,1,0.0,0.7,0.7,0.51,21.0,33.0,0.075,0.546,0.503,0,0,1,0,0,0,0,0,0,0,0,0,0,0,0,0,0,0,0,0,0,0,0,0,0,0,0,0,0,1,0,0,1,0,0,0,0,1,0,0,0,0,0,0,0,1,0,0,0.443,0.571,0.165,0.585
0.778,-0.825|-0.321,0.0,0.514,0.743,0.212,0.839,0.626,1,0.0,0.7,0.7,0.51,21.0,33.0,0.075,0.524,0.488,0,0,1,0,0,0,0,0,0,0,0,0,0,0,0,0,0,0,0,0,0,0,0,0,0,0,0,0,0,1,0,0,1,0,0,0,0,1,0,0,0,0,1,0,0,0,0,0,0.287,0.427,0.169,0.826
0.779,0.951|0.145,0.0,0.514,0.743,0.212,0.839,0.626,1,0.0,0.7,0.7,0.51,21.0,33.0,0.075,0.616,0.587,0,0,1,0,0,0,0,0,0,0,0,0,0,0,0,0,0,0,0,0,0,0,0,0,0,0,0,0,0,1,0,0,1,0,0,0,0,1,0,0,0,0,0,0,1,0,0,0,0.569,0.687,0.489,0.511
0.782,0.945|0.445,0.0,0.514,0.743,0.212,0.839,0.626,1,0.0,0.686,0.7,0.51,21.0,32.0,0.075,0.608,0.487,0,0,1,0,0,0,0,0,0,0,0,0,0,0,0,0,0,0,0,0,0,0,0,0,0,0,0,0,0,1,0,0,1,0,0,0,0,1,0,0,0,0,0,0,1,0,0,0,0.905,0.611,0.399,0.536
0.783,0.882|0.362,0.0,0.514,0.743,0.212,0.839,0.626,1,0.0,0.686,0.7,0.51,21.0,32.0,0.075,0.626,0.554,0,0,1,0,0,0,0,0,0,0,0,0,0,0,0,0,0,0,0,0,0,0,0,0,0,0,0,0,0,1,0,0,1,0,0,0,0,1,0,0,0,0,1,0,0,0,0,0,0.576,0.742,0.21,0.766
0.785,0.792|0.542,0.0,0.514,0.743,0.212,0.839,0.626,1,0.0,0.686,0.7,0.51,21.0,32.0,0.075,0.576,0.56,0,0,1,0,0,0,0,0,0,0,0,0,0,0,0,0,0,0,0,0,0,0,0,0,0,0,0,0,0,1,0,0,1,0,0,0,0,1,0,0,0,0,1,0,0,0,0,0,0.534,0.8,0.487,0.675
0.787,-0.921|-0.367,0.0,0.514,0.743,0.212,0.839,0.626,1,0.0,0.686,0.7,0.51,21.0,32.0,0.075,0.445,0.49,0,0,1,0,0,0,0,0,0,0,0,0,0,0,0,0,0,0,0,0,0,0,0,0,0,0,0,0,0,1,0,0,1,0,0,0,0,1,0,0,0,0,0,0,1,0,0,0,0.134,0.519,0.525,0.5
0.79,-0.945|-0.368,0.0,0.514,0.743,0.212,0.839,0.626,1,0.0,0.686,0.7,0.51,21.0,32.0,0.075,0.452,0.484,0,0,1,0,0,0,0,0,0,0,0,0,0,0,0,0,0,0,0,0,0,0,0,0,0,0,0,0,0,1,0,0,1,0,0,0,0,1,0,0,0,0,0,0,1,0,0,0,0.098,0.484,0.414,0.6
0.435,0.795|0.952,0.0,0.486,0.7,0.215,0.839,0.624,1,0.0,0.614,0.629,0.7,19.0,27.0,0.042,0.388,0.49,1,0,0,0,0,0,0,0,0,0,0,0,0,0,0,0,0,0,0,0,0,0,0,0,0,0,0,0,1,0,0,0,1,0,0,0,0,0,1,0,0,0,0,1,0,0,0,0,0.529,0.811,0.832,0.5
0.438,0.246|0.193,0.0,0.486,0.7,0.215,0.839,0.624,1,0.0,0.614,0.629,0.7,19.0,27.0,0.042,0.683,0.574,1,0,0,0,0,0,0,0,0,0,0,0,0,0,0,0,0,0,0,0,0,0,0,0,0,0,0,0,1,0,0,0,1,0,0,0,0,0,1,0,0,0,0,0,1,0,0,0,0.395,0.66,0.481,0.503
0.441,0.924|0.532,0.0,0.486,0.7,0.215,0.839,0.624,1,0.0,0.614,0.614,0.67,19.0,28.0,0.021,0.604,0.606,1,0,0,0,0,0,0,0,0,0,0,0,0,0,0,0,0,0,0,0,0,0,0,0,0,0,0,0,1,0,0,0,1,0,0,0,0,0,1,0,0,0,1,0,0,0,0,0,0.564,0.682,0.16,0.747
0.443,0.963|0.426,0.0,0.486,0.7,0.215,0.839,0.624,1,0.0,0.614,0.614,0.67,19.0,28.0,0.021,0.64,0.61,1,0,0,0,0,0,0,0,0,0,0,0,0,0,0,0,0,0,0,0,0,0,0,0,0,0,0,0,1,0,0,0,1,0,0,0,0,0,1,0,0,0,1,0,0,0,0,0,0.669,0.61,0.164,0.692
0.467,0.872|0.361,0.0,0.486,0.7,0.215,0.839,0.624,1,0.0,0.643,0.643,0.64,19.0,29.0,0.041,0.376,0.457,1,0,0,0,0,0,0,0,0,0,0,0,0,0,0,0,0,0,0,0,0,0,0,0,0,0,0,0,1,0,0,0,1,0,0,0,0,0,1,0,0,0,0,0,0,1,0,0,0.628,0.605,0.237,0.512
0.468,-0.791|-0.315,0.0,0.486,0.7,0.215,0.839,0.624,1,0.0,0.657,0.657,0.64,19.0,29.0,0.045,0.454,0.488,1,0,0,0,0,0,0,0,0,0,0,0,0,0,0,0,0,0,0,0,0,0,0,0,0,0,0,0,1,0,0,0,1,0,0,0,0,0,1,0,0,0,0,0,0,1,0,0,0.149,0.455,0.272,0.519
0.471,0.862|0.543,0.0,0.486,0.7,0.215,0.839,0.624,1,0.0,0.643,0.643,0.63,19.0,29.0,0.041,0.533,0.54,1,0,0,0,0,0,0,0,0,0,0,0,0,0,0,0,0,0,0,0,0,0,0,0,0,0,0,0,1,0,0,0,1,0,0,0,0,0,1,0,0,0,0,0,0,1,0,0,0.546,0.806,0.178,0.503
0.479,0.213|-0.162,0.0,0.486,0.7,0.215,0.839,0.624,1,0.0,0.643,0.643,0.63,19.0,30.0,0.041,0.608,0.59,1,0,0,0,0,0,0,0,0,0,0,0,0,0,0,0,0,0,0,0,0,0,0,0,0,0,0,0,1,0,0,0,1,0,0,0,0,0,1,0,0,0,0,0,1,0,0,0,0.386,0.567,0.401,0.507
0.481,0.843|0.615,0.0,0.486,0.7,0.215,0.839,0.624,1,0.0,0.643,0.657,0.63,22.0,30.0,0.041,0.674,0.583,1,0,0,0,0,0,0,0,0,0,0,0,0,0,0,0,0,0,0,0,0,0,0,0,0,0,0,0,1,0,0,0,1,0,0,0,0,0,1,0,0,0,0,0,1,0,0,0,0.544,0.701,0.399,0.504
0.704,0.128|0.891,0.0,0.486,0.7,0.215,0.839,0.624,0,0.0,0.657,0.657,0.6,20.0,34.0,0.11,0.489,0.465,1,0,0,0,0,0,0,0,0,0,0,0,0,0,0,0,0,0,0,0,0,0,0,0,0,0,0,0,1,0,0,0,1,0,0,0,1,0,0,0,0,0,0,1,0,0,0,0,0.532,0.724,0.84,0.5
0.628,0.5|0.72,0.0,0.514,0.657,0.217,0.838,0.622,1,0.2,0.643,0.657,0.6,22.0,29.0,0.062,0.618,0.588,0,0,1,0,0,0,0,0,0,0,0,0,0,0,0,0,0,0,0,0,0,0,0,0,0,0,0,0,0,1,0,0,1,0,0,0,1,0,0,0,0,0,0,0,1,0,0,0,0.772,0.68,0.58,0.5
0.638,0.27|0.375,0.0,0.514,0.657,0.217,0.838,0.622,1,0.01,0.657,0.657,0.62,22.0,29.0,0.064,0.65,0.612,0,0,1,0,0,0,0,0,0,0,0,0,0,0,0,0,0,0,0,0,0,0,0,0,0,0,0,0,0,1,0,0,1,0,0,0,1,0,0,0,0,1,0,0,0,0,0,0,0.485,0.674,0.254,0.736
0.646,0.495|0.445,0.0,0.514,0.657,0.217,0.838,0.622,1,0.2,0.657,0.657,0.6,22.0,29.0,0.062,0.626,0.613,0,0,1,0,0,0,0,0,0,0,0,0,0,0,0,0,0,0,0,0,0,0,0,0,0,0,0,0,0,1,0,0,1,0,0,0,1,0,0,0,0,0,0,1,0,0,0,0,0.47,0.712,0.601,0.604
0.671,0.6|0.62,0.0,0.514,0.657,0.217,0.838,0.622,1,0.2,0.643,0.643,0.6,22.0,29.0,0.062,0.612,0.6,0,0,1,0,0,0,0,0,0,0,0,0,0,0,0,0,0,0,0,0,0,0,0,0,0,0,0,0,0,1,0,0,1,0,0,0,1,0,0,0,0,0,0,0,1,0,0,0,0.66,0.655,0.475,0.517
0.678,0.275|0.675,0.0,0.514,0.657,0.217,0.838,0.622,1,0.01,0.657,0.657,0.6,23.0,29.0,0.006,0.682,0.54,0,0,1,0,0,0,0,0,0,0,0,0,0,0,0,0,0,0,0,0,0,0,0,0,0,0,0,0,0,1,0,0,1,0,0,0,1,0,0,0,0,0,0,0,1,0,0,0,0.538,0.674,0.5,0.5
0.686,0.35|-0.265,0.0,0.514,0.657,0.217,0.838,0.622,1,0.01,0.686,0.686,0.54,23.0,29.0,0.064,0.596,0.55,0,0,1,0,0,0,0,0,0,0,0,0,0,0,0,0,0,0,0,0,0,0,0,0,0,0,0,0,0,1,0,0,1,0,0,0,1,0,0,0,0,0,0,0,1,0,0,0,0.587,0.434,0.638,0.505
0.695,0.185|0.38,0.0,0.514,0.657,0.217,0.838,0.622,1,0.2,0.643,0.643,0.6,22.0,29.0,0.069,0.52,0.497,0,0,1,0,0,0,0,0,0,0,0,0,0,0,0,0,0,0,0,0,0,0,0,0,0,0,0,0,0,1,0,0,1,0,0,0,1,0,0,0,0,0,0,0,1,0,0,0,0.453,0.69,0.572,0.5
0.709,-0.595|-0.3,0.0,0.514,0.657,0.217,0.838,0.622,1,0.2,0.643,0.643,0.6,22.0,29.0,0.069,0.592,0.554,0,0,1,0,0,0,0,0,0,0,0,0,0,0,0,0,0,0,0,0,0,0,0,0,0,0,0,0,0,1,0,0,1,0,0,0,1,0,0,0,0,0,0,0,1,0,0,0,0.351,0.425,0.526,0.5
0.715,0.25|0.585,0.0,0.514,0.657,0.217,0.838,0.622,1,0.2,0.643,0.643,0.6,22.0,29.0,0.069,0.552,0.478,0,0,1,0,0,0,0,0,0,0,0,0,0,0,0,0,0,0,0,0,0,0,0,0,0,0,0,0,0,1,0,0,1,0,0,0,1,0,0,0,0,0,0,0,1,0,0,0,0.693,0.646,0.491,0.507
0.969,0.5|0.49,0.0,0.514,0.657,0.217,0.838,0.622,1,0.5,0.557,0.557,0.87,16.0,19.0,0.026,0.584,0.56,0,0,1,0,0,0,0,0,0,0,0,0,0,0,0,0,0,0,0,0,0,0,0,0,0,0,0,0,0,1,0,0,1,0,0,0,0,0,0,1,0,0,0,0,1,0,0,0,0.455,0.631,0.612,0.53
0.976,0.35|0.225,0.0,0.514,0.657,0.217,0.838,0.622,1,0.5,0.543,0.543,0.88,16.0,19.0,0.026,0.489,0.465,0,0,1,0,0,0,0,0,0,0,0,0,0,0,0,0,0,0,0,0,0,0,0,0,0,0,0,0,0,1,0,0,1,0,0,0,0,0,0,1,0,0,0,0,1,0,0,0,0.581,0.558,0.58,0.5
0.978,0.795|0.255,0.0,0.514,0.657,0.217,0.838,0.622,1,0.5,0.543,0.543,0.88,16.0,19.0,0.026,0.618,0.588,0,0,1,0,0,0,0,0,0,0,0,0,0,0,0,0,0,0,0,0,0,0,0,0,0,0,0,0,0,1,0,0,1,0,0,0,0,0,0,1,0,0,0,1,0,0,0,0,0.79,0.564,0.778,0.508
0.984,0.215|0.63,0.0,0.514,0.657,0.217,0.838,0.622,1,0.5,0.543,0.543,0.88,16.0,19.0,0.026,0.58,0.559,0,0,1,0,0,0,0,0,0,0,0,0,0,0,0,0,0,0,0,0,0,0,0,0,0,0,0,0,0,1,0,0,1,0,0,0,0,0,0,1,0,1,0,0,0,0,0,0,0.678,0.67,0.303,0.732
0.989,0.745|-0.39,0.0,0.514,0.657,0.217,0.838,0.622,1,0.6,0.543,0.543,0.89,15.0,19.0,0.024,0.558,0.536,0,0,1,0,0,0,0,0,0,0,0,0,0,0,0,0,0,0,0,0,0,0,0,0,0,0,0,0,0,1,0,0,1,0,0,0,0,0,0,1,0,1,0,0,0,0,0,0,0.649,0.412,0.16,0.84
0.999,0.77|-0.345,0.0,0.514,0.657,0.217,0.838,0.622,1,0.6,0.543,0.543,0.89,15.0,19.0,0.024,0.676,0.647,0,0,1,0,0,0,0,0,0,0,0,0,0,0,0,0,0,0,0,0,0,0,0,0,0,0,0,0,0,1,0,0,1,0,0,0,0,0,0,1,0,1,0,0,0,0,0,0,0.532,0.554,0.411,0.71
0.009,-0.765|-0.33,0.0,0.514,0.657,0.217,0.838,0.622,0,0.2,0.543,0.557,0.92,18.0,19.0,0.027,0.52,0.498,0,0,1,0,0,0,0,0,0,0,0,0,0,0,0,0,0,0,0,0,0,0,0,0,0,0,0,0,0,1,0,0,1,0,0,0,0,0,0,1,0,0,0,0,1,0,0,0,0.193,0.558,0.487,0.51
0.037,0.29|0.245,0.0,0.514,0.657,0.217,0.838,0.622,0,0.2,0.543,0.557,0.92,18.0,19.0,0.027,0.602,0.557,0,0,1,0,0,0,0,0,0,0,0,0,0,0,0,0,0,0,0,0,0,0,0,0,0,0,0,0,0,1,0,0,1,0,0,0,0,0,0,1,0,0,0,1,0,0,0,0,0.404,0.707,0.838,0.5
0.512,1.0|1.0,0.02,0.543,0.686,0.22,0.837,0.617,0,0.75,0.6,0.6,0.62,20.0,25.0,0.113,0.636,0.59,0,0,0,1,0,0,0,0,0,0,0,0,0,0,0,0,0,0,0,0,0,0,0,0,0,0,0,0,1,0,0,0,1,0,0,0,1,0,0,0,0,0,1,0,0,0,0,0,0.909,0.754,0.163,0.836
0.521,0.515|0.51,0.02,0.543,0.686,0.22,0.837,0.617,0,0.273,0.613,0.618,0.733,,,0.044,0.578,0.536,0,0,0,1,0,0,0,0,0,0,0,0,0,0,0,0,0,0,0,0,0,0,0,0,0,0,0,0,1,0,0,0,1,0,0,0,1,0,0,0,0,0,0,0,1,0,0,0,0.684,0.631,0.54,0.511
0.526,-1.0|-0.395,0.02,0.543,0.686,0.22,0.837,0.617,0,0.75,0.614,0.614,0.63,20.0,25.0,0.089,0.568,0.496,0,0,0,1,0,0,0,0,0,0,0,0,0,0,0,0,0,0,0,0,0,0,0,0,0,0,0,0,1,0,0,0,1,0,0,0,1,0,0,0,0,0,0,1,0,0,0,0,0.304,0.405,0.707,0.521
0.53,-1.0|-0.245,0.02,0.543,0.686,0.22,0.837,0.617,0,0.75,0.614,0.614,0.63,20.0,25.0,0.089,0.556,0.532,0,0,0,1,0,0,0,0,0,0,0,0,0,0,0,0,0,0,0,0,0,0,0,0,0,0,0,0,1,0,0,0,1,0,0,0,1,0,0,0,0,0,0,0,1,0,0,0,0.131,0.513,0.376,0.51
0.535,0.885|-0.315,0.02,0.543,0.686,0.22,0.837,0.617,0,0.4,0.629,0.629,0.62,20.0,27.0,0.125,0.548,0.552,0,0,0,1,0,0,0,0,0,0,0,0,0,0,0,0,0,0,0,0,0,0,0,0,0,0,0,0,1,0,0,0,1,0,0,0,1,0,0,0,0,0,0,0,0,1,0,0,0.671,0.452,0.231,0.557
0.574,-0.98|-0.295,0.02,0.543,0.686,0.22,0.837,0.617,0,0.2,0.643,0.643,0.54,19.0,28.0,0.137,0.602,0.521,0,0,0,1,0,0,0,0,0,0,0,0,0,0,0,0,0,0,0,0,0,0,0,0,0,0,0,0,1,0,0,0,1,0,0,0,1,0,0,0,0,0,0,0,1,0,0,0,0.143,0.504,0.509,0.51
0.585,1.0|1.0,0.02,0.543,0.686,0.22,0.837,0.617,0,0.2,0.643,0.643,0.54,19.0,28.0,0.173,0.594,0.582,0,0,0,1,0,0,0,0,0,0,0,0,0,0,0,0,0,0,0,0,0,0,0,0,0,0,0,0,1,0,0,0,1,0,0,0,1,0,0,0,0,0,0,0,0,1,0,0,0.858,0.759,0.163,0.501
0.592,1.0|0.955,0.02,0.543,0.686,0.22,0.837,0.617,0,0.2,0.643,0.643,0.54,19.0,28.0,0.173,0.626,0.554,0,0,0,1,0,0,0,0,0,0,0,0,0,0,0,0,0,0,0,0,0,0,0,0,0,0,0,0,1,0,0,0,1,0,0,0,1,0,0,0,0,0,0,0,1,0,0,0,0.757,0.739,0.539,0.508
0.608,-1.0|-0.335,0.02,0.543,0.686,0.22,0.837,0.617,0,0.2,0.643,0.643,0.52,20.0,28.0,0.095,0.445,0.49,0,0,0,1,0,0,0,0,0,0,0,0,0,0,0,0,0,0,0,0,0,0,0,0,0,0,0,0,1,0,0,0,1,0,0,0,1,0,0,0,0,0,0,1,0,0,0,0,0.087,0.514,0.776,0.5
0.613,0.89|0.48,0.02,0.543,0.686,0.22,0.837,0.617,0,0.2,0.643,0.643,0.52,20.0,28.0,0.095,0.574,0.54,0,0,0,1,0,0,0,0,0,0,0,0,0,0,0,0,0,0,0,0,0,0,0,0,0,0,0,0,1,0,0,0,1,0,0,0,1,0,0,0,0,0,0,1,0,0,0,0,0.603,0.622,0.597,0.568
0.639,-0.245|0.24,0.02,0.543,0.686,0.22,0.837,0.617,0,0.2,0.643,0.643,0.42,5.81,,0.044,0.659,0.567,0,0,0,1,0,0,0,0,0,0,0,0,0,0,0,0,0,0,0,0,0,0,0,0,0,0,0,0,1,0,0,0,1,0,0,0,1,0,0,0,0,0,0,0,0,1,0,0,0.27,0.655,0.16,0.537
0.644,0.295|-0.55,0.02,0.543,0.686,0.22,0.837,0.617,0,0.2,0.643,0.643,0.42,5.81,,0.044,0.652,0.592,0,0,0,1,0,0,0,0,0,0,0,0,0,0,0,0,0,0,0,0,0,0,0,0,0,0,0,0,1,0,0,0,1,0,0,0,1,0,0,0,0,0,0,0,1,0,0,0,0.406,0.503,0.433,0.538
0.648,-0.95|-0.34,0.02,0.543,0.686,0.22,0.837,0.617,0,0.2,0.643,0.643,0.43,6.71,,0.044,0.458,0.498,0,0,0,1,0,0,0,0,0,0,0,0,0,0,0,0,0,0,0,0,0,0,0,0,0,0,0,0,1,0,0,0,1,0,0,0,1,0,0,0,0,0,0,0,0,1,0,0,0.093,0.47,0.162,0.56
0.653,-0.995|-0.325,0.02,0.543,0.686,0.22,0.837,0.617,0,0.2,0.643,0.643,0.42,6.71,,0.044,0.376,0.457,0,0,0,1,0,0,0,0,0,0,0,0,0,0,0,0,0,0,0,0,0,0,0,0,0,0,0,0,1,0,0,0,1,0,0,0,1,0,0,0,0,0,0,0,0,1,0,0,0.082,0.423,0.183,0.636
