filename,chroma_sftf_mean,chroma_sftf_var,rms_mean,rms_var,spectral_centroid_mean,spectral_centroid_var,spectral_bandwidth_mean,spectral_bandwidth_var,rolloff_mean,rolloff_var,zero_crossing_rate_mean,zero_crossing_rate_var,harmony_mean,harmony_var,perceptr_mean,perceptr_var,tempo,mfcc1_mean,mfcc1_var,mfcc2_mean,mfcc2_var,mfcc3_mean,mfcc3_var,mfcc4_mean,mfcc4_var,mfcc5_mean,mfcc5_var,mfcc6_mean,mfcc6_var,mfcc7_mean,mfcc7_var,mfcc8_mean,mfcc8_var,mfcc9_mean,mfcc9_var,mfcc10_mean,mfcc10_var,mfcc11_mean,mfcc11_var,mfcc12_mean,mfcc12_var,mfcc13_mean,mfcc13_var,mfcc14_mean,mfcc14_var,mfcc15_mean,mfcc15_var,mfcc16_mean,mfcc16_var,mfcc17_mean,mfcc17_var,mfcc18_mean,mfcc18_var,mfcc19_mean,mfcc19_var,mfcc20_mean,mfcc20_var
a-ha - Take On Me (Official Video) [Remastered in 4K].mp3,0.39294705,0.082045235,0.188276,0.0046516326,2804.2548269350377,506366.55031746236,2726.616322521012,80746.14499465431,5992.022100395462,1412013.0558793838,0.13515413361068113,0.003990128323708444,-1.0370339e-06,0.013496893,1.7909937e-05,1.7909937e-05,112.34714673913044,-39.917194,2055.4543,72.97507,516.7591,5.4850354,207.02376,27.586735,121.39001,3.6329815,117.37362,12.098839,79.23734,-2.3601067,93.118546,5.196821,60.040104,-6.8152194,84.642914,2.6050723,94.80693,-2.8075538,51.816807,2.8068144,49.023552,-1.9910004,46.163788,0.44026387,47.354877,-2.5190537,37.83432,-1.3737955,35.458145,-5.7210484,37.261322,2.0389223,38.060783,-2.5294876,46.239285,-1.9956322,64.15362
Abba - Dancing Queen (Official Music Video Remastered).mp3,0.35558262,0.077883445,0.27871704,0.0023446586,2737.0996289217906,190646.90083446825,2468.7735792182266,77201.4755169675,5321.317822719137,971812.8540701615,0.15961241353037925,0.0011848580864501446,5.861218e-05,0.043990508,0.0009460096,0.0009460096,99.38401442307692,29.84586,490.52383,75.02614,258.85327,-22.879738,192.18605,20.110794,188.38835,-3.0176032,73.04474,6.029334,69.84239,1.9728163,65.77092,2.727565,55.21326,3.358064,68.71865,1.8073523,40.477924,-1.7392083,41.264385,3.1931477,54.326626,-4.7404613,62.693367,6.066547,51.2615,-1.4044868,50.1649,-1.9950746,65.746666,3.5195138,56.809017,3.8541608,55.868084,-1.9997158,60.462257,-2.3853655,63.570496
ABBA - Gimme! Gimme! Gimme! (A Man After Midnight).mp3,0.37279227,0.088593245,0.053538356,0.0010318303,2962.7622442396764,394434.1547445055,2732.399203672817,112184.48585383991,6101.171440384336,1736223.0744047202,0.15974771127612228,0.0031340850287217606,-5.420085e-08,0.0007259849,-3.644041e-06,-3.644041e-06,117.45383522727273,-165.30391,2178.4856,66.27465,463.98926,-9.595387,472.32928,15.7918625,197.79634,2.1365135,87.155525,1.0625238,245.56136,4.866532,119.44889,2.91782,102.56494,-1.2689562,63.81678,-0.15900868,77.09015,-5.439828,43.433014,6.770319,73.81922,-4.6078143,76.92004,-1.5159711,50.655476,-5.7923923,50.599556,-4.498686,40.999294,-1.7392646,42.516174,-4.2071724,54.59561,-2.6802244,56.577957,1.201564,71.40437
Abba - Mamma Mia (Official Music Video).mp3,0.4149596,0.079604566,0.21140434,0.004413888,2624.0891217989565,543722.1261339791,2571.861667856368,174288.6096122232,5449.64204676011,2235818.545193306,0.12945235402960525,0.0034811088694837716,-3.366e-05,0.021300917,-1.0356489e-05,-1.0356489e-05,135.99917763157896,-25.720072,3660.5164,80.35763,627.44507,-6.0333476,399.156,31.236116,176.86905,2.6781776,85.04857,7.0442705,85.24225,2.901483,78.60522,3.710938,79.28596,3.9998326,54.20957,4.6758137,56.41242,-2.3982475,69.205055,4.8701806,48.890095,-4.3271675,45.439007,4.701335,47.174927,-4.6423035,54.53499,-0.6335977,49.067295,-2.7948415,38.05919,3.9758036,44.29868,-2.7939157,72.158844,2.9633443,107.22493
ABBA - Take A Chance On Me (Official Lyric Video).mp3,0.41930145,0.08265517,0.16794373,0.0030609062,2789.6234296392663,635817.8278606693,2865.914361438443,146161.5453863403,6262.587130992405,2371878.439161647,0.12100985028057276,0.0037082857861402904,2.250851e-05,0.0138274105,0.00093282055,0.00093282055,107.666015625,-55.7816,1640.8605,79.01358,536.50006,11.067078,351.46213,20.438105,169.21179,10.416407,77.211784,10.425316,106.64761,1.2231807,60.2673,12.283836,47.43928,1.3695246,50.392956,6.8723626,49.033035,-0.93807256,37.071026,6.557915,38.343853,-6.115012,40.55957,4.2606206,27.384363,-6.842953,30.263063,-1.2168328,44.091167,-4.9433856,32.826763,-1.2959825,36.115604,-7.4676704,46.207565,4.027189,46.24127
"AC_DC - Highway to Hell (Live At River Plate, December 2009).mp3",0.41642737,0.08862727,0.16089205,0.0019376716,2831.977993508044,314741.21372557385,2648.8595243518375,145642.0109105636,5794.048297515964,1810057.6265365945,0.15274510811726005,0.002640511793198518,-4.008128e-06,0.007694119,-9.971318e-05,-9.971318e-05,123.046875,-29.164682,1025.8904,72.19303,304.2815,-19.755146,536.7652,11.111578,233.91846,3.55298,122.82054,1.7535585,96.91186,-6.2682304,113.55447,-3.9544864,103.48346,3.3794005,91.41999,0.72547555,93.90679,-3.2315714,87.958725,-0.6033417,65.104805,-6.0759068,62.74526,-1.6116478,94.162315,-7.1954994,67.62508,2.5591998,50.882076,-4.2981915,72.91402,-0.09468771,76.40322,-3.0587249,42.182022,0.8192604,40.88905
Adele - Rolling in the Deep (Official Music Video).mp3,0.33360934,0.08967436,0.114157096,0.0006673063,2264.304984697324,242801.98317677944,2624.6364441715996,96222.46021610977,5260.976520928067,1650730.4122215991,0.08424590025154799,0.0010083669040648012,-3.0228018e-06,0.009654862,-1.8652684e-06,-1.8652684e-06,103.359375,-114.96917,1656.6957,93.3172,305.02383,6.1391926,149.59581,22.976135,107.759605,10.7081375,70.67589,9.623603,84.42736,2.4866884,69.86233,10.376135,88.487335,3.554676,53.69869,7.3447657,53.204975,-7.044448,45.70518,7.0486813,53.615288,-2.3022866,60.332268,5.98417,46.37919,5.183693,57.187904,2.6694195,37.352825,3.5570574,85.53642,2.5600972,58.56468,-5.187537,45.500896,7.2385173,68.79235
Alan Walker - Faded.mp3,0.3203018,0.08574386,0.24522385,0.0023943332,2383.6335476670365,586837.496266944,2626.8954275198894,235796.02046465504,5265.609826244437,3453799.461887497,0.10093022869098298,0.0017462848226139844,1.8903076e-05,0.041304164,0.0001496291,0.0001496291,89.10290948275862,-27.25883,1919.9988,92.66706,936.5126,2.9368958,271.73795,15.899311,101.601395,3.412475,67.82626,11.182217,94.13324,8.311737,90.851776,5.7701974,77.46862,5.190518,70.96631,6.6966534,47.12323,-1.8998471,57.59103,3.2719204,44.32113,2.3568928,60.750385,5.3859,72.14251,1.5665468,79.025116,6.7278337,98.98221,2.3961046,82.86441,3.0925174,57.467117,1.5988101,91.76828,7.325562,96.007385
Amar Pelos Dois.mp3,0.27300176,0.09354903,0.12544766,0.0024806056,1280.4036773041141,538595.8115464558,1723.306239997971,210739.88272626747,2526.0597252624325,2233692.622014829,0.04959002515479876,0.0022535483333388485,-3.283655e-05,0.015003685,-2.594756e-05,-2.594756e-05,129.19921875,-187.57524,1545.2579,144.02182,1196.9783,1.1668549,248.96358,37.760876,158.1592,4.3539324,83.24608,2.5006454,83.745705,-0.12696692,80.20413,1.4833322,62.89282,-3.6785417,76.89939,-3.3550289,82.72712,-10.038766,56.088875,0.19330122,45.44835,-5.1013002,45.059937,-4.0544376,59.562584,-0.61028653,51.45048,-1.0424063,90.68023,-2.1822324,51.336246,-0.37694377,35.51377,-4.087102,54.824097,-0.95805997,77.37731
Avicii - Hey Brother (Lyric).mp3,0.30518055,0.09004005,0.1556405,0.002487698,2323.636513533381,926610.4978624315,2274.3578311949937,171837.51886670713,4664.496794426035,2888932.3354788404,0.11615235886706657,0.006740309949408146,1.9469766e-05,0.018922208,3.5694313e-05,3.5694313e-05,129.19921875,-100.832825,5407.2715,85.62537,1614.7526,-10.460575,310.9047,25.070332,281.88568,-6.2240915,358.39825,7.640775,108.00324,-12.827644,228.06879,-6.2545896,128.67017,-17.738327,85.62109,-9.563493,93.91051,-7.338391,87.81474,-6.1314387,107.46348,-15.598012,70.77432,-6.909996,79.409004,-13.12045,55.005116,0.47945705,68.42648,-8.730257,76.564964,-4.169887,48.571167,-7.7610908,55.574257,-9.073768,51.432346
Baby One More Time - Britney Spears (Lyrics).mp3,0.39388618,0.09035995,0.14579172,0.004371159,2883.8844352477786,919555.538612875,2672.309158737699,137058.8625614122,5864.731203439435,2512380.001982942,0.14890083809017027,0.009129198089930842,-0.00014915252,0.009495772,-0.00027164153,-0.00027164153,92.28515625,-74.51873,5078.8965,69.261734,1087.0178,-1.095861,469.7501,19.933546,321.42334,-0.61001605,206.53513,9.629797,249.2099,0.8890271,182.6234,-1.0779155,131.36256,1.8591361,164.16438,4.7399926,101.505974,-5.9195957,98.8606,3.8368871,64.55488,-0.46645108,64.69689,-1.4297738,43.607796,-2.5825748,45.77638,-2.5045564,38.305534,-1.3143998,48.075954,2.5292,70.3254,0.14672945,83.61739,2.4825015,66.62308
BeyoncÃ© - Halo.mp3,0.27260914,0.08239106,0.2246861,0.0025991765,2231.942073096951,359606.4047837519,2533.8943499213196,117301.43883734093,4596.072208180147,1976486.6796164126,0.10282553091137771,0.001572250081847266,-4.364549e-06,0.029945774,-0.00011130591,-0.00011130591,107.666015625,-29.130074,1021.9998,103.13676,430.26074,-3.5489838,137.43524,14.472372,137.23534,5.714165,81.93804,-2.6739423,94.15731,15.030406,88.26946,1.376419,60.292038,6.0969377,59.72036,6.3855896,67.62239,-4.918984,53.101635,1.3357041,40.066856,-2.409737,61.261986,3.7796159,65.38275,3.5967793,48.000717,4.5115886,45.917805,3.6149497,65.03075,1.9881576,82.84308,-5.1181965,54.495792,-0.82256854,57.79308
Blanka - Solo Poland Official Music Video Eurovision 2023.mp3,0.41995394,0.094600424,0.19119754,0.009769583,1862.5624603385866,564350.2661171193,2117.019277991732,289202.6672430929,3907.693037381482,2700996.8928394215,0.07451353279798761,0.0024898511895024705,2.7101285e-05,0.022401255,-0.00012863586,-0.00012863586,99.38401442307692,-122.87314,6683.581,107.57058,1055.5133,-14.80642,623.8851,24.390236,469.43344,-1.8976042,391.92667,2.8533082,443.79306,7.0612173,357.4581,-4.868287,301.5714,0.5066944,300.4465,4.9511886,234.26968,-3.0707822,191.036,7.4976993,206.33362,-5.6390023,180.42293,6.800128,166.02176,-5.548875,124.457306,1.0168763,119.77472,-4.5626254,106.58197,0.9593603,127.08715,-1.2866724,95.722206,2.8659809,129.55968
Bon Jovi - It's My Life (Official Music Video).mp3,0.38545805,0.07592041,0.28668827,0.0013609654,2721.0914069749165,138066.29389961626,2510.982333831978,29633.085742814823,5513.566660216718,421397.1515005223,0.14990234375,0.0014312300519677508,-9.483443e-06,0.042531833,2.8923723e-05,2.8923723e-05,117.45383522727273,42.84023,427.2833,76.68594,136.3717,-18.373314,113.35276,24.096313,116.313576,-3.1582472,55.953197,15.474793,52.6841,1.3012114,64.413,4.635346,41.014675,-0.13643423,48.024998,7.489025,56.35923,-0.14004743,31.728123,0.11465147,41.052795,-3.2604084,31.603045,-0.07857863,37.921658,-4.050708,24.896904,-0.37270394,22.56208,-7.4720297,26.342777,2.5250633,33.119728,-5.2219167,36.019062,-2.1951592,25.939257
Bridgit Mendler - Ready or Not.mp3,0.43084034,0.081248835,0.13724232,0.0021686861,2759.9121648258238,392369.0415040751,2748.91886968982,97412.3809503026,5948.8806945989745,1631235.5847235324,0.12842514935661764,0.00343585728871716,9.8998635e-06,0.008253279,1.8065857e-05,1.8065857e-05,92.28515625,-64.776886,1645.5499,74.65826,303.41388,-8.114084,338.27908,16.686615,192.65884,11.564135,87.21146,11.128599,140.5939,5.4956393,109.228195,5.853992,99.0199,4.415507,61.67043,10.576782,61.385147,-5.8811255,73.799515,7.2885857,52.101646,0.3057657,47.32995,3.9553783,42.391945,-1.6286744,43.42767,-1.037049,50.23602,-1.614613,43.080204,3.6848242,52.418236,-0.14960064,42.00044,5.992692,45.69125
Britney Spears - Perfume (Official Video).mp3,0.38397935,0.08863979,0.2743105,0.006465815,2808.6944020017972,810003.1385637919,3059.147996142021,128884.44514975272,6615.068332920134,2460923.8967114366,0.10602997109616873,0.0045583012247057235,1.0819959e-05,0.043355796,0.00027176779,0.00027176779,107.666015625,-20.128807,1105.1079,81.64277,568.0603,26.020199,324.17435,16.16239,134.29774,5.74324,87.74664,7.479177,91.996506,7.029868,48.007526,-1.931672,74.97365,5.083535,59.791214,3.4311228,46.578407,-2.4340656,34.2623,3.6788878,44.771343,-1.4622325,39.089565,-0.72375816,31.376366,-2.3796935,30.069445,-0.9952675,32.10397,-2.1558084,32.012638,4.509489,43.39068,-4.55344,42.0089,-0.78703886,32.073746
Bruno Mars - Talking To The Moon (Official Lyric Video).mp3,0.2632949,0.0856783,0.1338509,0.0037838786,1719.726785212735,780633.3100494803,1991.2181792905474,243134.2707100331,3284.4968057638353,2843726.2278157896,0.07576371420278638,0.004215606818926646,-8.381124e-06,0.016341163,-1.4179426e-05,-1.4179426e-05,143.5546875,-157.27989,3767.1912,126.65631,1798.8944,-2.1311982,361.13297,7.3242407,191.40828,-7.9746337,177.39981,-0.7587927,142.13425,-9.067519,151.69836,-5.7178507,87.450356,-4.698964,129.1726,-2.872011,76.10259,-7.0185976,82.9336,-9.331142,91.207954,-8.8676195,96.56219,-10.234636,96.08152,-10.507779,60.912926,-10.985581,60.672176,-7.048819,117.91411,-2.0505848,103.79088,-11.281186,147.50667,5.040211,111.46679
Bruno Mars - The Lazy Song (Official Music Video).mp3,0.37026858,0.09194496,0.24755064,0.008625801,2250.5382740697005,716946.8810014284,2586.520425024053,180511.12067110176,5066.627696128821,3004132.5767188757,0.0845323686629257,0.0027487017196801754,-4.752925e-06,0.02377999,6.151861e-05,6.151861e-05,172.265625,-66.22625,5116.9263,91.54939,776.51324,18.344133,410.44147,26.52495,273.70523,3.1789694,141.47755,14.949488,201.35817,-2.1405709,157.46446,7.4270344,116.30324,0.35072893,112.53166,0.12215591,104.235,-2.5762246,75.161255,-0.20600107,79.961494,-3.894775,72.19424,-1.3413575,67.92137,-5.310475,71.96116,-3.3773103,70.42526,-1.7160984,79.755585,-0.29409635,85.93363,-8.390513,72.61549,2.0351925,59.897778
Camila Cabello - Should've Said It (Audio).mp3,0.436096,0.082236186,0.31685048,0.017008696,2506.102132980441,937141.4692254022,2725.337724320869,202047.7460538536,5592.082852106714,3135411.7113518086,0.107308497000774,0.0062925111288915985,-3.1620508e-05,0.070931025,0.0010629814,0.0010629814,99.38401442307692,-52.107452,2257.2969,71.263885,857.15247,16.459576,617.8116,28.086,318.09903,5.3539267,186.39601,17.809874,182.5164,16.913055,165.38286,8.130629,135.135,10.694519,107.60475,6.0691876,107.37752,-2.813126,133.83014,7.712255,112.54024,2.13969,106.703224,8.356172,110.68063,3.4710217,129.92448,11.832419,138.05989,3.1391459,141.59076,7.758617,97.627914,4.3052273,145.07808,5.12387,111.81117
Chanel - SloMo (Official Video) [Eurovision 2022].mp3,0.360154,0.09062017,0.28713062,0.013858305,2850.33661634134,726229.2682052159,2826.8113850097166,124484.27532669523,6130.154598460478,2877091.327014523,0.13673235535990713,0.007381468918468198,-3.245182e-05,0.052277304,-0.00021679734,-0.00021679734,103.359375,-12.153167,1809.2097,72.044556,622.1657,3.344688,480.14676,18.71741,221.8528,4.771445,198.95601,0.8272093,309.56442,12.372426,139.80498,-6.1484456,208.25435,4.576348,135.87013,9.646355,100.87038,-4.6887255,97.13187,4.4945874,58.128,-2.621496,46.05182,3.8517542,55.227978,-5.24903,42.092678,3.617152,67.27704,0.5897161,79.70539,6.555392,68.80933,3.181375,79.99462,5.2029214,62.453804
Charlie Puth - We Don't Talk Anymore (feat. Selena Gomez) [Official Video].mp3,0.36123213,0.08860446,0.29570413,0.006374024,1988.40528381662,357850.26245401695,2740.3152384427203,120274.11804259765,4849.212344143044,3138943.5519024553,0.05441388109520124,0.0006461660727298798,-1.4957241e-05,0.056143712,-0.00016599742,-0.00016599742,99.38401442307692,-63.65162,2696.8967,104.42163,494.9156,33.002567,309.11917,19.714508,170.8029,14.531159,74.90705,4.733435,125.9067,5.0974183,71.18768,5.874725,94.03552,2.090561,78.33659,5.634085,102.39459,-1.0946251,72.20467,2.384269,68.51025,-5.6795993,106.882484,4.5829105,83.46222,-5.380586,67.03083,1.3886635,71.01583,-0.6947314,76.18984,3.5964806,91.1671,2.51976,80.54465,5.531074,71.25606
Christina Perri - A Thousand Years [Official Music Video].mp3,0.28945985,0.081340574,0.08542327,0.0009345251,1983.3415322017065,587219.2759006529,2392.0473872830826,224900.27635925164,4121.70840992647,2707561.210396565,0.0806117574496904,0.0028797788248138096,1.4110027e-06,0.0064647095,-9.742364e-06,-9.742364e-06,135.99917763157896,-164.26967,2252.564,114.90262,717.5547,1.2572229,360.47873,15.800802,171.02158,3.4077573,110.02616,-0.898003,121.70257,3.3796456,144.71667,-3.484409,111.04359,-0.0093592005,96.69553,-10.196465,106.93172,-7.731173,52.76508,-6.799853,65.5023,-11.529362,70.85808,0.3219409,75.81073,-13.193634,58.930523,-5.073848,74.258385,-8.345658,76.77482,-2.532851,47.757126,-9.414303,84.980675,-0.72664696,72.52803
Clean Bandit - Rockabye (feat. Sean Paul & Anne-Marie) [Official Video].mp3,0.40913674,0.08574084,0.27939624,0.011201452,2647.768825211594,1260439.3079854893,2707.285215309414,199053.9781639035,5529.108232905621,4190268.7579801916,0.1200147693740325,0.009633596865592125,-7.733186e-06,0.045426402,5.0348186e-05,5.0348186e-05,135.99917763157896,-40.279385,3177.2786,82.24057,1199.7537,4.329278,637.45416,19.93101,451.67114,10.52017,197.8833,-3.915721,240.79059,9.052058,256.9633,-3.2103162,148.53287,0.39015672,138.33923,9.520591,140.11998,-5.866511,103.75579,7.395039,93.24299,-0.26538423,69.86954,7.98805,79.13376,5.576599,72.55012,3.9257278,101.59561,1.9519705,84.16941,2.6259294,56.33106,-2.4276478,63.03967,4.216893,67.74653
ClÃ¡udia Pascoal - O Jardim - Portugal - Official Video - Eurovision 2018.mp3,0.34766978,0.0899887,0.1334009,0.0015003342,1403.3016298650332,377391.1737641465,1889.811971650675,200618.3678446246,2820.916275638545,2333591.684206474,0.055614176180340556,0.0010576116252484131,-2.065553e-06,0.011622833,-3.479118e-05,-3.479118e-05,117.45383522727273,-143.43968,2744.5376,139.87936,984.39667,4.6390643,383.9809,25.400402,126.11675,5.4438257,85.26207,13.759356,132.88348,-3.8967059,69.636475,10.236181,52.72587,0.4020188,42.864197,6.271643,90.305405,-4.5803237,50.459507,8.410435,67.76404,-3.2690926,62.66526,0.97977746,45.954727,1.0186582,65.590614,0.27417502,63.601864,-3.159928,63.68228,-1.3282546,60.977337,-6.491433,75.491356,-0.14218159,52.174946
Conan Gray - Heather.mp3,0.30916795,0.095924355,0.22938691,0.006270986,2339.024624569269,781619.5835673121,2697.0738018770608,159842.4299386319,5214.201803768382,3734942.0238298876,0.0847338035748839,0.005472516392159855,-5.964905e-07,0.04135593,-7.8449855e-05,-7.8449855e-05,135.99917763157896,-82.00066,1783.6501,88.82771,1429.2291,10.362692,410.76645,18.56513,553.1257,15.9357815,250.66869,-2.0647192,245.43503,-2.644356,154.13249,0.7631682,110.552536,-8.516068,157.41806,0.09691525,91.84953,-10.018961,70.627686,-13.6830015,64.21422,-10.198131,84.10443,-13.258608,63.236576,-9.424016,69.979065,-8.0204525,63.537937,-14.68373,72.427925,-6.317318,50.13919,-9.152333,86.841515,-1.9786069,98.82993
David Guetta - This One's For You (Lyrics) ft. Zara Larsson.mp3,0.3026889,0.082864486,0.32978266,0.0024532264,2693.7301902024224,143363.1425330933,2729.874917209388,52282.51616356134,5845.0479891278055,738274.9978660772,0.11434246807275542,0.00066425061522746,6.5352656e-06,0.08714066,0.00016267122,0.00016267122,143.5546875,16.484583,616.63513,74.38972,126.18302,2.8214052,152.08905,21.954973,109.163506,-1.8749686,49.9855,15.645712,72.465645,5.9600077,60.696472,7.2132564,47.514465,8.151756,68.672455,7.661497,54.928974,-2.1466262,36.73644,2.303122,42.766422,0.5072321,60.688732,9.590002,47.90004,1.6315935,50.305656,3.7191763,68.84528,-0.30501336,57.15868,-0.4453992,56.812283,-2.7614968,43.78491,5.7544136,69.28092
Determinate (From Lemonade Mouth) .mp3,0.4421574,0.0788416,0.3192587,0.001312772,2706.0206180454884,268752.33821801806,2739.746454581042,88514.78061583758,5776.948400916699,1407056.7620001829,0.10061579370646284,0.0011409812980216066,-7.644686e-05,0.056898993,-9.045349e-05,-9.045349e-05,135.99917763157896,18.294584,712.1966,72.39575,292.57474,2.7610838,205.61034,35.106495,195.32251,9.072376,98.219215,9.051741,82.12159,5.732498,62.932148,7.6927094,57.813915,7.0103755,72.74657,10.917752,48.60036,-0.68643266,40.804504,8.286,40.480476,0.34506598,35.188164,1.9490117,33.96464,1.3651999,36.735535,5.288323,36.682278,1.6054329,49.57704,6.57175,44.35021,-1.29677,37.886887,1.8533006,39.564884
DJ Snake - Let Me Love You ft. Justin Bieber.mp3,0.40663883,0.08507626,0.17435448,0.003035414,1945.2214974783099,439763.32122381777,2557.866308894939,256293.21908363607,4545.689179506096,4047051.411752937,0.06739263859326626,0.0011773979473372704,-1.3069029e-05,0.018214045,-2.6480717e-05,-2.6480717e-05,135.99917763157896,-104.21147,1812.7883,109.540565,678.5863,14.78898,261.31665,17.573004,198.05188,21.54832,164.7183,9.679571,135.68262,4.846876,77.18064,12.786477,77.31681,4.2396455,66.67826,8.723405,56.269188,4.1947494,60.96718,2.0954416,59.014458,-2.1297326,60.411747,0.72358066,42.867443,-3.438983,49.486813,-2.8756993,42.90404,-8.001256,64.606125,4.1517344,77.41311,-6.8274508,59.999493,0.7215685,60.618214
Dua Lipa - Levitating Featuring DaBaby (Official Music Video).mp3,0.4547487,0.08182361,0.3279721,0.008385788,2793.1924169034783,447939.07665750844,2808.641235524823,108036.26556790288,6163.1793987640285,1651680.1408052512,0.11364330374419504,0.002202271244538227,-2.1467056e-05,0.060836863,-0.0015455211,-0.0015455211,103.359375,18.813416,2107.9353,75.15999,390.2953,3.4126325,305.66284,18.472162,139.60521,1.2316314,81.03313,11.037683,97.849625,4.43935,74.51757,8.483661,71.419846,6.1973248,51.05187,11.443572,47.567287,-0.65280455,44.223263,4.6364446,48.564354,-0.85852844,42.480625,7.1582446,49.556786,1.1435357,45.43671,3.4080424,38.245296,-4.486141,36.032894,-0.2744382,35.798977,-6.572255,41.54517,1.5028851,45.687466
Duncan Laurence - Arcade (Lyrics) ft. FLETCHER.mp3,0.24733461,0.09020606,0.09557338,0.0028944577,1336.4305339296552,626189.0259484601,1948.0263111036093,363671.87733668624,2690.3753983347037,3990762.7040924467,0.045506527549342105,0.0018075576638755845,7.7432815e-06,0.009840046,4.215882e-05,4.215882e-05,135.99917763157896,-249.66225,8303.6875,132.97896,1207.2063,39.08208,395.02048,14.228328,432.75198,-6.5114903,303.8606,8.759885,138.2583,-8.431821,174.60794,-3.715543,108.04276,-1.8612503,90.95033,-2.3454473,121.97661,-6.257505,77.672325,-4.239016,107.5038,-10.822279,74.84832,-5.9262824,83.6707,-5.185906,60.13158,-3.0637488,128.08163,-7.894805,105.83531,-1.698578,76.400635,-5.504295,77.249664,-7.4989767,57.90192
Duran Duran - Hungry like the Wolf (Official Music Video).mp3,0.39707142,0.08073663,0.14562173,0.0019995528,2839.4982723104104,444554.19528710307,2605.6395061077037,118727.44663996297,5743.3236042412445,1483404.615820115,0.14676970963138544,0.0035514240671199846,-1.0095149e-05,0.009755776,-1.3132042e-05,-1.3132042e-05,129.19921875,-53.891724,1390.315,69.308754,353.37598,-5.413851,341.80432,36.89755,255.52332,3.4001207,136.38753,6.118241,113.090065,0.90856886,78.63702,7.435476,59.380005,-4.6065283,64.254074,4.4990897,78.69029,-0.8961093,58.11506,2.7850497,55.76674,-3.4001737,49.62051,2.2888217,39.182014,-3.1878748,37.258553,-1.4937313,34.299133,-6.8294115,33.179478,-0.68119025,39.386086,-0.65796953,37.121914,2.2893116,41.246918
Ed Sheeran - Perfect (Lyrics).mp3,0.39088762,0.08151042,0.2728912,0.00369696,2334.307343848716,652591.7429486065,2596.9957854900863,187009.8752099406,5185.2936452387285,2583952.206613999,0.08408717105263158,0.0020085655751320795,2.2899745e-05,0.051140606,0.00013567525,0.00013567525,95.703125,-36.2847,1633.0654,88.265205,670.95483,14.421441,335.01547,40.56245,211.12798,8.129611,134.33061,9.4762535,75.37882,3.7845764,75.02605,6.925762,44.69458,-2.088724,57.820282,10.652236,108.14813,-4.923986,60.140663,5.6933355,48.456215,-3.2763355,52.19188,0.12135811,63.735283,0.9388326,48.251995,0.012509373,37.282898,-7.068496,38.64808,6.286107,47.509727,-2.7306938,47.42271,-1.3051491,42.297714
Edmundo InÃ¡cio A Festa (Lyric Video) Festival da CanÃ§Ã£o 2023.mp3,0.37997088,0.09547233,0.24237844,0.003114563,1594.529773148877,504180.2755099983,2151.781542269806,296531.0189295519,3458.762418670182,3366161.549051306,0.048366676543150154,0.0007328741872084055,-8.527895e-06,0.041070946,-0.0001732958,-0.0001732958,112.34714673913044,-97.99814,3062.1624,126.60425,964.97986,12.880748,503.99777,19.541063,147.52454,13.019526,210.41283,13.872324,154.35599,-4.8769083,113.38158,18.38338,100.13341,-7.032998,109.11057,9.322569,63.322056,4.888609,88.515205,0.95884925,82.07418,3.5397398,56.151424,6.4839115,63.44427,-0.673801,57.727184,3.1796744,53.78897,-4.186976,52.32586,2.457312,58.512646,1.901165,61.228237,3.6414526,76.71509
Evanescence - Bring Me To Life (Official Music Video).mp3,0.4169923,0.07720399,0.16155314,0.00055795844,2742.9545690668824,142870.2891602709,2785.3733326021934,57015.13297837661,6008.430334510449,868583.9627736795,0.12127780028541021,0.0011909985012060606,-3.7361456e-06,0.014333084,-0.00018723418,-0.00018723418,129.19921875,-36.0325,397.45932,73.95236,116.119125,3.0575016,177.27887,34.425945,97.54157,9.438823,67.01488,7.7211432,38.720097,5.901543,43.989353,7.1420355,41.7284,1.6869426,41.126373,3.4430094,61.861824,-6.0431848,34.40429,5.308913,31.17833,-3.653361,29.239956,2.2075026,31.381573,-1.0758858,31.111189,5.3316493,41.48996,-4.8475914,42.100513,2.0282762,47.47274,0.88800746,40.092037,6.939082,38.68163
Fifth Harmony - Work from Home (Official Video) ft. Ty Dolla $ign.mp3,0.40617722,0.08980011,0.19633897,0.0063141137,2461.832097797446,631893.6852502357,2686.501338924041,221586.9216111427,5535.491527640044,3531169.805077796,0.10054134215363777,0.003295696782421811,-1.0023248e-05,0.027714634,-5.1156752e-05,-5.1156752e-05,103.359375,-62.456722,3554.7175,92.70752,1092.723,-7.6234255,534.0374,-0.7428629,353.46844,2.0678086,231.86905,-3.5386732,258.60382,-4.0418015,155.56895,-3.2185512,224.87555,-0.8362336,114.78326,2.4662216,112.02941,-1.0470235,121.246895,4.5316076,89.95101,-3.4321504,91.53489,6.112285,46.53116,0.49056682,48.042625,3.2215571,50.741817,-3.5227475,46.505066,5.155931,51.17982,-3.1094222,45.966152,1.2873478,43.929203
Foreigner - I Want To Know What Love Is (Official Music Video).mp3,0.37416017,0.08191749,0.07236821,0.00043294352,2049.2926053163046,237204.06791187506,2289.9957811609984,94559.38426574951,4400.265058865857,1487206.2159555755,0.09448128809500773,0.0011202674519229703,0.0006820701,0.0034322175,0.0014503924,0.0014503924,161.4990234375,-147.36525,1695.9126,104.83075,502.89822,-6.668227,232.89125,25.84852,149.54533,2.03587,96.54321,6.2104,76.16886,-6.0238357,77.76901,11.481189,52.665466,-2.3235996,68.10954,7.156383,59.24757,-4.966212,59.532673,1.482971,49.583485,-0.1668138,48.98896,-0.76104337,58.700756,-3.6514919,53.490196,2.886168,58.829613,-1.6914036,33.658337,3.9033527,50.39513,0.517795,62.864323,4.143736,42.48603
Guns N' Roses - Sweet Child O' Mine (Official Music Video).mp3,0.3927666,0.08128365,0.076646775,0.00030407638,2459.551115264276,183569.6474936633,2498.5687137802315,85234.76142391369,5123.935682928599,1101391.1617030485,0.12040554554469814,0.0008310445699896165,-6.4670458e-06,0.0025230655,7.77147e-06,7.77147e-06,129.19921875,-117.65702,1063.5781,86.56363,297.66248,-11.474902,220.6951,31.270771,182.85406,4.6980987,93.41836,3.0055597,97.894554,0.42678645,66.224335,5.5181623,84.346535,-2.0384536,68.75234,0.08163717,61.145573,1.9782689,58.020958,-1.6464208,63.86076,-1.8403912,44.45358,-0.68548614,49.578537,-9.362383,49.3466,-4.9653745,50.299446,-8.340408,75.17963,0.44359457,57.05292,-3.3278213,51.00744,3.2249322,66.74895
Harry Styles - As It Was (Official Video).mp3,0.32938972,0.08239885,0.38241765,0.0026509932,1914.5820629593265,816065.1604139035,2458.879802591123,353839.8557553931,4194.724635074013,4421687.565992097,0.06791039812306501,0.0022436294814903624,2.336249e-05,0.09198715,3.906731e-05,3.906731e-05,172.265625,-19.105421,2378.496,120.83129,1436.8845,21.739794,327.41873,12.304445,135.18602,8.980234,100.05674,6.4634395,85.016136,0.8707151,91.74004,6.6149306,53.076748,4.1415687,57.386097,2.226319,58.871,0.7678993,40.345566,1.6679261,40.892323,-2.1596346,36.179558,1.6722816,39.27975,-1.4283735,48.30073,2.9469044,40.554497,0.88470244,35.616367,7.7409916,44.212914,-1.3249016,66.13165,3.4057622,54.441925
Imagine Dragons - Believer (Official Music Video).mp3,0.47178048,0.08069759,0.26501736,0.002007553,2329.3880138074433,314910.97217442875,2435.1540397545637,112129.94000529722,4923.611894259143,1550942.676253045,0.09022507800406347,0.0013965573125597692,-7.2577573e-06,0.045288306,-2.2480146e-05,-2.2480146e-05,123.046875,-13.448666,2595.0298,86.40076,523.0553,-17.68795,200.36041,27.55002,172.9122,12.872052,86.05307,11.7463255,110.98396,-1.6315702,66.95703,12.8904085,56.95482,3.4198275,44.214806,7.087818,48.377975,5.5818353,36.714195,5.081958,43.14935,5.479637,56.746143,8.424009,52.927124,6.0193896,49.633713,8.547136,66.298256,-1.979084,60.711277,0.6129963,46.664623,-0.41534224,35.40905,1.7143887,38.566395
In The End [Official HD Music Video] - Linkin Park.mp3,0.474415,0.07562078,0.26595187,0.0028148324,2199.269205073174,385912.32501751784,2304.3873614545787,168381.09460366712,4417.381622031008,1990618.0722563665,0.10596232222329721,0.0018051522893243552,-6.3503035e-07,0.029515117,-0.0003811469,-0.0003811469,103.359375,-4.9242315,1240.5835,98.28199,745.88165,-17.448587,419.25345,25.770233,308.37384,8.395748,181.76244,5.3424063,88.688126,-0.5770075,114.24523,14.208984,77.91775,8.351677,59.528107,9.150684,57.806225,5.0612383,63.987865,6.974341,43.46087,0.7842149,48.656452,3.5860686,45.13374,-1.9952983,34.798958,5.0427856,38.646908,-0.9078931,34.026825,2.8561742,28.18969,-0.5679059,36.8459,3.416296,36.569942
Its OK LIVE - Nightbirde.mp3,0.27675116,0.08781115,0.15345758,0.002037211,1214.1348590409534,347521.1448337241,1615.2552792499412,454385.1128693822,2316.7359910144155,2934682.6689212644,0.05249136815499226,0.00044008803312882834,6.687488e-08,0.017449876,3.3752014e-05,3.3752014e-05,117.45383522727273,-172.2126,3441.9148,164.78278,1180.7246,-1.608836,660.17035,23.85928,306.4035,2.0764792,225.6503,-5.414373,192.21436,1.8266982,108.6666,-8.510986,111.67498,-1.7104512,107.800285,-10.686439,73.86423,-0.12568225,80.76484,-12.281421,89.89251,-6.895609,95.86415,-6.892306,86.35708,-10.724604,82.156456,-5.357935,69.12446,-10.906455,101.13711,-3.8101282,88.897316,-8.376861,85.05786,-2.2331452,193.22836
James Arthur - Say You Won't Let Go.mp3,0.27362677,0.09053949,0.1510257,0.003109472,1925.373290565803,978116.674177728,2286.649954555039,324596.8742839224,3959.35105834583,4929027.356386607,0.07746173870452787,0.004827840977726587,6.5425907e-06,0.017325291,1.4615086e-05,1.4615086e-05,129.19921875,-141.68216,4096.1685,112.33861,1679.5403,3.0272508,412.7771,5.9644704,313.18155,14.838467,235.03232,4.3731284,122.471504,-13.456155,151.54492,-1.4137294,122.14319,-10.911766,155.55865,-1.9018867,103.02491,-6.501338,116.7142,-1.8975435,89.85227,-6.9855957,90.82366,-4.743598,80.49607,-6.3493276,83.24578,-6.1356683,59.78379,-12.777718,53.94403,-5.2278705,57.97863,-9.252764,50.22899,-10.756051,74.52624
John Legend - All of Me (Official Video).mp3,0.25891235,0.091105394,0.1848668,0.0033479747,2172.052396325554,647763.8039593106,2390.913697844817,192175.4161047856,4523.480980462703,3246312.2239667433,0.08996808787248452,0.00273293666834732,-5.525283e-07,0.028254393,-3.02289e-05,-3.02289e-05,129.19921875,-109.563324,1987.375,93.27966,1133.8687,2.3290164,542.4922,12.511579,390.7066,-2.3532896,221.49802,-2.880696,242.64053,-23.05115,96.01872,-9.972104,119.95066,-24.242153,113.150795,-8.526866,98.30562,-9.561336,83.480064,-10.219643,76.68002,-13.605549,97.6492,-7.675633,97.922676,-8.774157,80.19632,1.6338087,91.181,-12.562364,82.877846,0.123903826,86.46835,0.63355345,72.893,-1.1550841,76.305595
Katy Perry - Dark Horse ft. Juicy J.mp3,0.36769688,0.088225655,0.105012566,0.001175579,2215.4568072762895,507232.91250854294,2516.403676934944,191626.9949255215,4850.837334316951,2781568.8236993668,0.09591514185855263,0.002309349559020468,-3.3494066e-06,0.0077974256,-2.552268e-05,-2.552268e-05,129.19921875,-125.076744,1940.5232,99.31273,616.4184,3.9515793,542.46014,19.168621,226.84479,11.214734,192.63629,9.648797,189.16254,-0.19043063,85.871895,4.795521,85.973625,3.9508824,94.84572,6.397058,99.30607,-3.1420782,83.21658,4.031239,65.36148,-3.9636917,69.5561,6.771155,72.46317,4.264193,76.25144,1.8502309,87.52846,2.9417138,53.786636,-0.99771374,79.59727,-4.408888,61.75365,2.6766915,70.877525
Keane - Somewhere Only We Know (Official Music Video).mp3,0.36233807,0.07972582,0.33373904,0.0017120378,2491.9572637489373,390136.3412065076,2711.7631336107233,70427.38609834631,5490.950130309114,1507300.0307929644,0.10202016919020898,0.0018384530304066215,-1.7796802e-06,0.07490464,4.774065e-06,4.774065e-06,172.265625,19.976154,754.0532,88.27869,365.4045,2.8838408,105.93851,21.654673,82.12686,8.835409,96.96752,5.319515,51.860523,1.6383036,48.938786,3.3019,39.037216,-4.052307,33.566376,3.4028206,45.33592,-1.8735346,29.20718,6.6787176,38.29574,1.1602092,31.921307,2.4417486,40.059475,1.203102,32.587532,2.7402349,30.607727,0.5876287,41.937836,4.4399214,51.523064,-2.4602892,51.083435,-4.77068,49.87985
KÃ¤Ã¤rijÃ¤ - Cha Cha Cha _ Finland ðŸ‡«ðŸ‡® _ Official Music Video _ Eurovision 2023.mp3,0.48980764,0.070888914,0.1431613,0.00090841344,2390.284499210813,767464.5985518127,2800.6325248990447,175429.41467132527,5786.8066746384,3228239.2203151435,0.06779324085719814,0.0024341970690999535,1.0175765e-05,0.015147246,2.0085656e-05,2.0085656e-05,151.99908088235293,-111.919525,3126.4111,87.76433,713.3388,17.137747,336.9072,16.303774,91.11771,9.215166,73.50859,11.598212,77.77288,9.212411,62.15324,17.97787,51.896683,-1.4952075,97.085365,16.649178,116.22987,3.6389554,38.753017,6.9450746,38.98162,4.260519,40.09864,6.5106354,32.464947,2.5823083,31.085054,5.34894,25.369604,-0.3447247,27.492115,3.443583,26.007408,-0.090527385,28.637468,3.5512242,25.805359
"Lady Gaga, Bradley Cooper - Shallow (from A Star Is Born) (Official Music Video).mp3",0.34067583,0.086447835,0.1679017,0.00056793186,2379.3872765889573,506317.7080331218,2684.254539104787,215102.96545401317,5651.557492471701,3171750.025704294,0.09510033197078173,0.0015651603860387267,-1.4928646e-05,0.022727292,-0.00012886031,-0.00012886031,117.45383522727273,-77.99639,836.7556,98.45209,570.4936,5.7411556,225.05672,-0.61597604,168.29324,8.191285,107.04061,18.878466,134.98248,3.4822404,72.57104,18.927813,87.48569,1.8474574,77.58348,15.196277,69.04901,1.379091,46.26936,-0.30315292,69.1138,-4.628826,59.670532,7.64554,75.41323,3.485916,79.346954,4.7669034,79.278244,0.83292884,77.30134,6.008975,128.26654,0.0024449965,91.59488,7.368982,70.64522
Lewis Capaldi - Someone You Loved.mp3,0.28280076,0.085204184,0.26279432,0.002410891,2187.93405191444,787233.8582137759,2420.1425755332625,287211.09769931535,4813.987557142512,3481790.2862203247,0.10086182396478328,0.002833936520534346,-9.116322e-06,0.0539192,3.166486e-05,3.166486e-05,107.666015625,-48.358475,2268.1658,109.51949,1371.4124,16.71121,359.69098,16.871687,184.37067,0.7820493,133.78644,16.342196,100.23946,-12.037125,146.97717,13.106324,72.732956,-3.2031114,105.31734,-2.4971182,74.46574,7.2786255,103.22958,-1.6553407,91.486465,-2.7028184,74.21606,-0.34723693,82.70176,2.8458564,82.73533,1.3128861,110.80254,-10.013201,106.265434,9.788226,81.4121,-3.3396802,73.51974,-0.53021544,122.82135
Lewis Capaldi - Wish You The Best (Official Video).mp3,0.27301925,0.08118512,0.32868084,0.0021272867,2935.622795861724,1431009.5286135438,2860.496019322457,554862.6436946043,6493.11907033064,5262640.92285433,0.12654496420278638,0.0055433905186709044,4.200007e-05,0.078697994,5.117081e-05,5.117081e-05,107.666015625,-7.6995,2917.4578,86.13913,2226.91,13.869883,716.1367,12.214463,343.51987,18.470654,123.91871,12.792552,99.574486,-4.147277,156.57628,8.85819,78.27137,-4.2083917,80.59172,1.3193388,59.895317,2.5134435,86.09952,-2.2963417,54.33568,-1.6867433,66.18314,-2.8320682,58.611904,-3.6369965,50.424614,-3.931881,70.43103,-8.932874,70.9886,3.6881053,74.32857,0.27406558,68.43673,2.9700897,110.8988
Loreen - Tattoo (Official Lyric Video).mp3,0.34631178,0.08622632,0.2498852,0.003339985,2486.85138384652,359133.4164439245,2791.3057611521085,136480.4964746132,5919.130874492066,2520584.02720985,0.09261697586106811,0.001551348236795047,-3.8144688e-06,0.039051674,3.3985234e-05,3.3985234e-05,151.99908088235293,-28.50095,1604.4066,90.626625,530.6342,7.43395,176.52893,15.33523,123.14108,9.310051,140.01962,9.289899,112.67179,7.940573,82.815125,2.065616,72.00048,0.33987916,44.59282,6.8439584,54.93936,-6.9506593,47.86639,6.6801167,53.271072,-6.3823304,74.82688,8.296322,55.47389,-2.3048923,54.29306,5.563124,74.793625,0.6252634,67.706726,3.7007365,63.914173,-1.8727552,63.1352,2.9104896,72.17403
Madonna - Into The Groove (Official Video).mp3,0.40466478,0.082452714,0.13508783,0.0018381457,3114.342206649624,397040.33594380185,2781.682345106354,96093.38621321542,6187.9209158221265,1527975.9867845208,0.16816791735197367,0.0038853034957410542,1.5526855e-05,0.00842785,3.8925213e-05,3.8925213e-05,117.45383522727273,-61.888588,2274.0593,57.487766,391.81085,-7.1672993,308.5505,28.480581,131.76393,3.66667,136.37656,8.735481,155.85847,9.379906,93.16253,-1.1091256,100.31799,8.774016,64.847244,3.9189317,64.81818,-1.9536946,43.87862,5.8332386,41.102596,-0.5404913,57.632668,0.3298111,52.501614,-2.2972167,93.639015,1.9142613,86.84681,1.3247327,71.95836,7.042244,96.38396,1.8912821,112.32186,6.2916937,94.65892
Madonna - Material Girl (Lyrics).mp3,0.4126243,0.086855434,0.18798764,0.0039322106,2807.922549853975,512541.94775279146,2591.590898950569,162246.250537689,5660.507438352603,2122744.704903748,0.15441478811919504,0.004129093249948908,3.7024154e-06,0.011499102,5.5089913e-05,5.5089913e-05,135.99917763157896,-34.649326,3587.1985,73.19952,634.8671,-7.0376143,473.7496,26.155014,278.49435,-0.5365485,110.712364,8.008933,256.14697,3.1682642,108.145775,3.6066728,72.645935,4.807402,85.265305,-0.40850517,50.89458,-3.80459,51.434113,3.625659,66.150215,-4.2100735,54.179573,-0.00030215236,58.262856,-5.082549,51.152313,1.4147488,79.058365,-3.257281,98.66402,0.6348596,80.24572,-4.7055745,82.4955,2.326829,85.90759
Mahmood - Soldi - Italy ðŸ‡®ðŸ‡¹ - Official Music Video - Eurovision 2019.mp3,0.45375368,0.09724853,0.2627918,0.015305577,2129.173994764366,660398.8609528716,2640.8316949451682,229637.5079382633,5143.485564713139,3680076.8998556905,0.05435681416892415,0.002393218092687859,-2.7149057e-05,0.06280676,4.6256275e-05,4.6256275e-05,95.703125,-97.10324,2966.6702,87.45486,617.0156,19.296804,423.4528,27.443596,287.12775,9.7179575,279.37866,16.016935,92.525795,0.017293451,98.850235,8.893273,86.83098,0.72570246,111.01325,8.50442,52.891773,-1.4533521,93.7697,8.742114,83.1329,2.9603314,97.23695,4.8152027,48.774654,0.61006093,66.54878,4.646322,43.980755,-3.1857834,46.519493,4.7749434,45.727036,2.9466293,62.9156,3.603883,63.217316
Mark Ronson - Uptown Funk (Official Video) ft. Bruno Mars.mp3,0.48699754,0.084185466,0.20818672,0.008649438,2766.3315437305046,412868.2123322351,2561.327938233327,86330.94344901774,5608.124421772204,1487197.0127335435,0.14227653952205882,0.0027644503444427784,2.5987565e-06,0.017582335,0.0003601882,0.0003601882,117.45383522727273,-29.467955,4846.1963,69.8642,623.979,-16.380514,396.1031,19.171827,181.20961,0.35409197,160.40988,15.036967,146.31935,1.3098835,106.52902,7.939536,106.34046,-1.1852021,80.3358,5.071353,55.050056,3.862703,68.85525,7.818078,73.58843,-1.2831721,71.07748,6.432906,57.208073,-0.046139225,77.706055,3.7514143,67.11324,-0.57414234,79.01357,4.0229945,88.00157,-2.303779,60.560917,5.2633696,77.3138
Maroon 5 - Middle Ground (Official Music Video).mp3,0.3154363,0.087375104,0.33808324,0.0059209573,1851.942397438886,163093.68874603923,2342.8241051764453,81127.94468336295,4157.308194659443,1131649.1279925993,0.07268323396381579,0.0006695491120192522,1.1744389e-05,0.08828196,-7.472694e-05,-7.472694e-05,151.99908088235293,-24.352688,884.1662,108.99989,247.8943,3.816117,108.726105,21.164927,178.53314,5.3878775,81.19814,18.566395,54.384205,0.0056666797,72.103806,5.572941,54.879208,5.2711506,92.63664,6.3396287,55.214954,6.687748,58.40093,4.3308687,33.175613,0.8842959,40.806152,0.9625803,38.691353,-4.517489,38.711586,1.9613876,41.74908,-3.3933346,38.823994,10.296385,80.01928,2.7727153,48.595596,3.7800233,61.96
Maroon 5 - Sugar (Lyrics).mp3,0.3472157,0.09715223,0.23652185,0.010586727,2623.0181933323956,612381.7604266754,2673.270430716771,123072.34720889211,5676.265676398027,1985728.0122983702,0.11270831317724458,0.0036766586591744726,5.245235e-06,0.030903159,1.1730136e-05,1.1730136e-05,117.45383522727273,-43.63675,1790.1459,76.37777,709.15405,5.914673,292.2497,30.66615,301.9379,7.2119823,99.99747,8.602001,111.72731,-4.0305433,103.39198,1.8428037,91.097115,-3.3015325,86.72325,2.589767,64.41753,-1.3411841,61.61443,2.617367,61.83787,3.958571,80.26646,0.69072795,64.259544,-4.1840806,80.20941,-1.1971945,73.15772,-8.319005,62.19461,1.3241029,43.72069,-3.2497714,55.166977,-1.2138925,45.496483
Michael BublÃ© - Home [Official Music Video].mp3,0.316334,0.0877876,0.118272565,0.0018100772,1627.6232824777758,629272.4401563716,2112.7287023059184,238767.07588668104,3272.155213725087,2833725.671468481,0.06382501088428792,0.0025508621603061686,4.8311454e-06,0.010037365,2.8376138e-05,2.8376138e-05,129.19921875,-151.87785,2833.8743,126.13465,890.6783,7.418604,356.15466,25.563116,148.47806,12.882296,116.36368,9.114188,112.31374,-1.8619201,93.11293,2.5256054,69.56395,-5.5177097,70.19002,5.343409,72.40635,-1.7181067,62.68316,2.822728,62.884407,-2.159529,57.427002,-2.6010573,50.62791,-0.9997572,58.823784,-0.37628826,57.243137,-4.1907277,43.116993,3.70577,49.483242,-4.925642,51.01858,2.0637822,42.12377
Michael Jackson - Thriller (lyrics).mp3,0.4427266,0.08442668,0.21563636,0.0069021885,2952.5171724217535,725846.9233110669,2949.9570733854457,137644.01757863272,6622.776619642512,2445838.8136607436,0.12488322066079721,0.005248547541153545,-2.4720317e-05,0.02188324,-0.00011814423,-0.00011814423,117.45383522727273,-37.79447,3453.091,76.88114,856.3122,18.469673,531.2063,13.348481,295.50516,2.0854168,131.42538,4.6714315,143.54808,-2.8312473,117.34104,1.357572,99.22568,-5.875367,94.94504,5.8271556,95.86872,-5.969985,86.52409,2.7024612,71.15594,-3.504303,61.81213,2.0093954,46.53557,-0.90301675,48.225662,-0.17243655,52.378548,-1.3490514,42.72343,0.38424137,39.18736,-4.3369594,42.68228,3.5175593,39.882896
Miley Cyrus - Flowers (Official Video).mp3,0.42082834,0.0921435,0.30293685,0.010425358,1676.8828529932362,410804.5776122778,2196.8285045532007,231454.65480142113,3624.561416106327,2326797.687204797,0.056863601731811146,0.0010955032130061688,3.1878953e-06,0.037970625,6.498395e-07,6.498395e-07,117.45383522727273,-69.83934,3684.0503,117.878555,1139.3235,9.438668,471.98785,30.580791,451.4666,11.007496,213.21901,13.83718,259.44113,4.151929,141.78082,6.163319,106.99144,2.8133166,87.78713,9.686741,129.10368,-2.8761907,82.34799,8.126937,82.6107,-2.6940098,80.65907,4.568051,66.77218,-4.949398,69.31488,1.0091354,62.403553,-3.6376493,62.02259,-2.6429038,45.75001,-6.467169,57.445232,1.082527,49.281975
MÃ¥neskin - Begginâ€™ (Official Video).mp3,0.4075329,0.087014966,0.27760652,0.0074456697,2241.8647773359617,410472.1577904337,2445.985095007113,209723.2514784962,4852.828988940354,2215898.0783289326,0.09047791094233747,0.00179800136133956,-2.4180458e-06,0.036428895,-0.00075203454,-0.00075203454,135.99917763157896,-31.585375,3488.8933,89.56348,721.71747,-1.9106687,735.70233,43.060795,332.13245,9.583777,179.33621,4.8205957,203.79373,5.4733267,101.30622,2.7100992,79.039246,0.45746672,120.60344,6.444239,63.822254,-1.7080404,51.216934,4.539229,69.63804,-6.2628703,70.08162,4.0617504,58.89296,-5.0820885,54.45116,-1.4102963,41.47929,-4.6763344,44.339878,1.5615674,36.75768,-6.8903446,34.745007,-2.953826,50.72404
Numb (Official Music Video) [4K UPGRADE] â€“ Linkin Park.mp3,0.38757363,0.07811398,0.30054167,0.0015660458,2592.636086540055,371922.46086710057,2583.3375979408775,70337.70975847512,5385.117436931599,1300332.318255861,0.11438933097910217,0.002161357105009672,-6.405927e-05,0.058851823,-0.00025637232,-0.00025637232,112.34714673913044,18.872269,535.5918,80.59826,363.64133,-9.6570015,221.62628,24.606968,116.36934,5.6811714,70.643524,8.648188,82.17723,1.9624394,81.46057,7.7905636,54.86085,1.8979961,49.02126,7.627289,60.712982,3.7766454,38.36814,8.643436,56.91837,1.7520869,32.1419,5.108164,30.950052,-2.5931568,35.84938,1.4747617,43.574066,-3.7037787,48.189953,6.2193522,30.742538,5.5203,34.45026,7.8166223,44.74154
Olivia Rodrigo â€“ drivers license (Lyrics).mp3,0.32491365,0.08492629,0.24989834,0.005481319,1543.42491690943,276163.8052184649,1955.6314586459957,229455.31323592737,3163.497537429857,1742242.048348787,0.07199465158184984,0.0009601989210015875,-1.7761242e-05,0.03648967,-3.6120542e-05,-3.6120542e-05,143.5546875,-83.26631,2974.242,134.13356,780.38464,-4.91561,365.0668,28.347414,135.50114,11.5459,125.56093,4.8580074,153.24603,14.960691,143.5556,-0.406778,96.58344,-0.5466904,75.78474,4.7906284,77.44548,-13.201002,73.862564,3.8861918,93.65157,-1.6793708,111.02679,9.862989,87.61427,4.692839,84.94521,6.842829,125.22638,4.605204,171.86472,2.4576771,98.323845,-2.0862477,95.669975,3.6943245,130.03487
One Direction - Story of My Life.mp3,0.29984608,0.08750719,0.10785685,0.001679341,1698.310043049683,1610515.1301943606,2150.666238232252,363889.98271011683,3258.6802952060757,5926765.282550093,0.0721548924874226,0.008457579581989514,-6.0615304e-07,0.00908313,1.3113852e-05,1.3113852e-05,123.046875,-187.40744,4133.557,125.78563,1650.5612,25.865675,473.67303,17.77014,234.44887,9.512202,133.32733,3.2798698,135.57837,-10.594619,133.77017,-1.9086071,73.21361,-12.5452585,120.77718,-3.3632858,63.391205,-7.548082,85.262665,-1.7519867,47.207962,-7.0546265,55.72615,-7.0803328,84.08763,-9.805362,51.2861,-9.358525,46.960857,-9.145345,40.171753,-8.513718,59.22739,-12.417649,42.466,-2.6909633,69.12718
OneRepublic - Counting Stars.mp3,0.40819886,0.08026045,0.17603084,0.001229192,2441.809719443665,349371.8366000009,2703.1879997875535,95951.84347792041,5624.3743235112715,1525431.382002812,0.09482482343266253,0.0015009415921077227,2.1885658e-06,0.015416445,-3.649012e-05,-3.649012e-05,123.046875,-49.180595,1172.882,87.55969,404.44583,9.200007,154.4227,27.2753,87.130356,5.738813,63.768417,12.08634,63.6436,2.6592786,44.410545,8.872169,38.92323,1.3863705,41.240574,10.5643425,39.223263,-0.4580674,30.053774,3.1949296,33.009983,-2.875561,33.367027,4.787842,35.881172,-0.71163404,36.416203,2.7653744,31.479446,0.17994511,37.58035,6.5513945,43.9607,1.8465081,43.990067,5.5488477,46.430252
Os Quatro e Meia - A Terra Gira.mp3,0.36793378,0.08195682,0.25982955,0.0024628972,2014.8251911540863,240172.28739798354,2489.5998434071153,101027.35985284968,4570.147364944128,1576698.2681043558,0.07299653516834366,0.0006212765564520107,-1.1601076e-05,0.045333333,-2.1917289e-05,-2.1917289e-05,143.5546875,-35.68195,1406.9716,102.58538,320.2235,7.5141973,138.2412,20.616598,110.80147,1.7267685,164.44836,9.0151,36.686436,7.6891212,47.127583,14.080178,36.07247,2.882201,49.51758,8.537913,47.888996,0.7654331,51.849518,7.859458,43.382545,6.415401,50.870712,6.676959,49.95606,3.580315,40.545696,7.726839,36.071632,-5.970908,43.656765,1.4361835,31.697653,-4.7926598,29.108027,-0.8081778,47.90008
P!nk - Just Give Me A Reason ft. Nate Ruess.mp3,0.39625892,0.0829906,0.21199326,0.0052403132,1928.7534986579774,368684.8148910063,2282.263899170876,205793.06080263457,4024.017333984375,2368758.2696740148,0.08680106242743808,0.0018220844291274333,9.01138e-06,0.023522032,-1.1867085e-05,-1.1867085e-05,95.703125,-59.6689,2440.6973,112.97555,545.5015,-7.3532586,298.54666,21.918232,142.35812,11.055708,141.50822,6.4276776,100.35763,11.858298,103.77935,9.413686,66.706436,0.56306,57.50438,7.5470815,69.33108,-7.5116014,51.157055,3.7986581,54.09155,-0.30133542,60.195736,5.470339,80.01961,-0.6240055,49.191517,0.083818845,44.924088,-1.3135835,48.775562,4.7168937,73.93948,-1.3667253,54.585224,2.330637,61.361614
Panic! At The Disco - High Hopes (Official Video).mp3,0.39894885,0.08167554,0.21095735,0.0061512585,2733.165005495779,1296181.7418086762,2492.443057716597,394069.5000102612,5551.866428623259,5782810.397395237,0.1581316968604876,0.008107210709983567,-5.758578e-07,0.020915365,1.3191716e-05,1.3191716e-05,161.4990234375,-16.093231,6768.062,87.349884,2270.9417,-24.14517,323.5683,1.9373382,325.06754,-3.1354446,126.656906,1.3403208,121.24107,-6.7975197,63.998863,-6.792417,69.16303,-4.6719522,37.737183,-1.5958084,43.81341,-3.299387,40.258755,-2.6756432,35.048603,-7.6239433,49.508694,-0.050451014,46.970364,-5.3884873,39.32108,2.7807224,42.176277,-4.3605347,50.58719,2.5048099,42.083637,-3.995566,36.38708,-1.4426969,56.09564
Passenger _ Let Her Go (Official Video).mp3,0.37263334,0.085970335,0.24939178,0.005459744,2213.989035875146,693646.1001901623,2578.3043479096614,190199.67832676927,4964.736645583398,3006446.760190023,0.07715335054663312,0.0027296932247760954,-2.0679734e-05,0.037803248,-5.5006963e-06,-5.5006963e-06,151.99908088235293,-46.656376,2348.6316,94.508804,851.89087,10.225212,272.18152,30.305376,180.29597,11.536867,99.71176,9.140839,75.48443,3.7049901,47.29635,5.7108665,51.20645,-2.835339,52.50508,2.4427013,42.57863,-6.0703325,46.413044,-1.2972574,48.97581,-0.259837,44.960144,1.1173131,35.896927,-7.2677083,34.058945,-2.6174545,33.710106,-3.2641802,37.079147,1.4216322,30.953274,-2.6188643,31.7574,-0.54249215,38.180733
Queen - Don't Stop Me Now (Official Video).mp3,0.4620779,0.07938625,0.11191751,0.000894336,2595.2709453529824,551773.2387895965,2438.016925867298,107472.28670238456,5084.502588041796,1724042.3198408782,0.11996185964106038,0.0032846330223792017,5.255246e-07,0.0061759925,-4.6962803e-05,-4.6962803e-05,103.359375,-110.10708,1451.3525,69.54853,661.54596,-16.932596,365.72476,40.48999,155.46638,11.024425,80.12956,19.829393,96.735664,11.591345,89.79915,15.585375,53.44315,-3.0555885,49.675915,12.317148,75.90061,-2.7018335,56.69065,8.4629755,61.984833,1.6720119,58.75381,3.9279683,56.76664,1.2199495,49.762054,0.1858126,46.996586,-5.848951,60.503338,-0.7544757,57.34783,-4.4554615,62.78337,0.0843418,59.040745
Queen - Under Pressure (Official Video).mp3,0.43639672,0.08226945,0.0829671,0.00096382835,2090.0360675640613,529430.1469681985,2207.9670124980075,141044.28309044868,4345.032059518914,1814389.2318595194,0.09886145813177244,0.003087529770530121,-8.5668177e-07,0.0032189589,-4.0732037e-05,-4.0732037e-05,112.34714673913044,-137.63335,3047.7346,101.734726,761.4303,-15.570881,239.25053,38.736656,151.65414,3.964936,95.9572,15.812993,54.47181,1.642399,68.68855,9.506874,42.727844,-4.0060344,46.16985,7.042581,53.252987,-2.0541487,48.473747,3.9098532,38.259228,0.18817359,36.25639,4.898858,39.996143,-0.95992213,38.019787,3.5598292,41.734497,-1.1823733,37.001373,0.40281126,31.107313,-3.4102478,38.31414,0.17130727,43.444836
Rick Astley - Never Gonna Give You Up (Official Music Video).mp3,0.3827667,0.08162984,0.16652371,0.0010536676,2902.6618811110266,254151.81048712882,2607.602617790081,53208.783502536106,5893.3476970660795,836289.1208398421,0.16025715641931115,0.002660752786341728,-5.453372e-06,0.012406176,-4.99464e-05,-4.99464e-05,112.34714673913044,-19.786816,730.7576,69.87044,251.6262,-15.157713,323.60834,18.645224,152.11967,-2.3831484,110.4548,1.0393364,95.42004,-6.141626,72.24479,2.717324,63.30043,-12.772474,56.739147,-0.66037667,67.77222,-2.8741393,47.062878,-2.0602245,42.463776,-4.461011,44.19328,4.4416027,50.404617,-6.777585,39.22398,2.7632673,39.93522,-5.230066,35.62664,-1.8687162,41.903275,-6.5427346,39.381523,0.72714794,47.299137
Robert Grace - Casper (OFFICIAL LYRIC VIDEO).mp3,0.3673252,0.08827052,0.16463473,0.00935574,2317.5151608323026,707064.1120052362,2425.109565947852,290742.55721356976,4889.487100607102,3341853.4746940616,0.10472385654508513,0.0035116624826840095,-1.04098994e-07,0.013183692,0.00035988228,0.00035988228,86.1328125,-79.16694,2485.4055,95.0865,1158.5096,-7.5205956,686.2138,26.96504,221.91895,3.6904542,158.68346,-2.3593233,131.88687,-2.9799025,109.263916,-1.4302913,127.90801,-5.166859,96.612595,-2.2193725,101.80615,-5.620696,73.276184,-0.00928906,70.78825,-6.0151744,65.669556,-1.4835937,62.812508,-6.5220723,79.87921,-2.1121342,57.99189,-7.069446,66.350426,-5.1085896,91.42069,-7.2306666,57.243286,-0.35933632,66.878044
Rockwell - Somebody's Watching Me (Lyrics).mp3,0.36359513,0.0940489,0.14446229,0.008553372,2349.2931770267624,524542.0527537185,2359.366010292608,254824.08387669138,4872.245538197803,2589344.443068236,0.1112514058871904,0.0026593446555316933,-3.0119313e-08,0.0074355667,-4.170198e-05,-4.170198e-05,123.046875,-111.82294,3878.3577,90.38426,901.2506,-21.800291,553.293,22.68809,347.4836,0.6882344,238.28096,19.917797,185.74487,-0.49371812,117.57056,6.037594,90.512856,-1.9686508,108.20477,0.030748207,115.25789,3.0098212,97.900635,1.3837532,107.46379,1.7720569,88.45792,-3.3905463,73.71996,-4.019597,100.246284,-4.7817025,78.40206,-4.6609206,89.59367,0.10670205,83.45646,-4.9894896,85.26844,-2.9295213,159.365
Sabrina Carpenter - Can't Blame a Girl for Trying (Official Video).mp3,0.31566185,0.082506664,0.16649005,0.00036536407,2045.9968717951542,438458.9328750739,2447.3154079055366,211310.27240596822,4712.138173011804,2536655.103961169,0.07791147143479102,0.0009484327839304097,-2.5365496e-05,0.020134442,-0.000273785,-0.000273785,143.5546875,-93.0221,1345.6146,100.59149,668.8971,17.225262,260.28937,31.287472,184.62674,2.0426981,142.08014,14.952727,136.3924,7.032583,144.02568,3.514715,92.8431,-1.0735269,109.17576,4.0503583,82.90664,-5.6740985,79.01661,7.083193,78.78319,-3.1742084,57.60587,2.3720295,96.75791,-2.1080391,61.852505,2.0511992,70.681046,2.237971,95.86605,6.3186536,73.04779,2.62948,83.58312,0.2782608,81.62114
Sabrina Carpenter - Skin.mp3,0.3118683,0.08763721,0.15233895,0.00083786057,2312.6801084338445,252678.10589012285,2544.363183229459,89863.3644048836,4845.712365306937,1176635.7291436424,0.09248848079527863,0.0011891314806466175,-6.3199845e-06,0.016372664,-5.796968e-06,-5.796968e-06,107.666015625,-77.90658,937.5622,91.70126,336.37314,-6.1176834,216.7851,14.330211,173.4689,1.2882506,93.71653,6.3342185,140.89853,9.804784,77.21731,-0.18792094,74.9803,8.263787,87.09801,10.621722,76.93675,-9.791653,66.430756,7.783964,51.77657,-5.5835814,65.71393,3.7541807,76.111046,4.584375,85.61362,8.2902155,70.04817,2.4554856,64.581406,9.009781,71.8082,-3.6965144,81.21933,-0.53869194,65.757065
Selena Gomez - Dance Again (Performance Video).mp3,0.44103348,0.089633785,0.20277664,0.006380977,2393.4736740242806,971898.5400966618,2716.6053988058616,288810.5048701663,5473.750234314532,4214416.274348631,0.07365488341718267,0.0031279264663114045,-6.4675754e-05,0.020638004,0.00018800206,0.00018800206,112.34714673913044,-98.87912,4191.267,83.0762,1301.4187,19.196156,621.02295,29.722755,350.7406,12.31482,192.45883,14.798417,174.03722,7.058184,160.55064,7.995173,163.04114,8.475398,103.26995,13.97488,87.94938,-2.147719,84.45255,5.325239,69.84667,-3.8724146,82.763565,2.057028,96.520546,-3.1195602,43.322678,3.6245427,62.677773,-1.4109926,59.161148,6.507108,53.65191,-0.35662535,79.80435,7.736026,96.1549
Selena Gomez - Lose You To Love Me (Official Music Video).mp3,0.34116983,0.087614164,0.2568288,0.0071579413,2222.775173333145,663786.0611077048,2634.4713238731592,326820.92753084615,5189.910283989212,4261073.492795625,0.07886838174825851,0.002203036452423162,-3.1243264e-06,0.056583032,-0.000110041205,-0.000110041205,112.34714673913044,-64.68456,1334.3529,99.914314,903.39215,17.7807,286.22754,28.969143,192.36569,9.914199,109.98396,6.6394415,115.90026,10.350847,70.49124,1.1410257,106.98136,1.5890739,60.409847,15.909065,113.24861,-4.733536,106.134026,10.727612,71.50517,-9.456162,101.802124,4.8523865,53.88886,-6.81447,57.752472,0.5393866,62.02045,5.796633,61.111008,8.876852,48.491333,5.2209992,71.42109,12.26843,117.58025
Selena Gomez - Rare (Official Music Video).mp3,0.43673465,0.08828686,0.29724324,0.010932391,2238.8814832946664,479820.1190367885,2687.5743063509726,206557.72890837322,5161.618788397349,3119227.16263946,0.07293682275541796,0.001937888850978746,-3.0321038e-05,0.054349612,0.00022292862,0.00022292862,117.45383522727273,-41.165344,3066.9817,97.5515,679.3543,12.6257925,521.8691,15.884771,208.07692,4.6568365,155.83147,11.728266,134.17395,10.2216015,106.886444,1.1339414,120.99471,6.76312,75.12703,4.7302046,62.790405,-3.7546194,70.08197,4.000236,68.72547,-0.47649333,57.9168,2.7188735,65.12009,-1.6636071,51.55805,4.750462,71.37099,1.929984,78.68005,4.489926,67.748,-2.389719,86.356094,5.76995,96.732025
Shakira - Waka Waka (This Time for Africa) (The Official 2010 FIFA World Cupâ„¢ Song).mp3,0.4204265,0.08938808,0.113464735,0.0010815369,2222.0811957126543,537703.9928199886,2520.327941694739,193146.9013022404,4902.28702320772,2646177.6869210135,0.07677617973587461,0.0019087119832971859,-3.3745478e-06,0.007385678,0.00013014712,0.00013014712,99.38401442307692,-144.49956,3278.363,86.47891,637.3243,5.7997727,522.7795,34.902927,277.42374,9.019794,115.255745,6.9775596,230.17476,10.609262,150.28261,10.929736,81.28027,2.0953436,82.788,17.172344,81.734726,2.3143053,60.998653,8.804359,62.789753,4.9618645,61.124058,2.5930474,52.868404,-4.24224,53.237602,0.37004846,36.81035,-2.818108,46.482643,4.325204,55.731598,-0.5499335,102.37038,6.7641935,98.00883
Shawn Mendes - It'll Be Okay.mp3,0.3991423,0.08076091,0.22301093,0.00427325,1776.7180917280248,691771.2161128691,2432.4130330277476,452680.6372291741,4143.599944218025,4775832.849084663,0.059246807275541796,0.001346599366803853,-7.4043323e-06,0.03477951,8.4936146e-05,8.4936146e-05,151.99908088235293,-88.61824,2288.4763,124.21313,1108.8195,22.062557,492.74246,19.389116,276.19702,16.45651,90.81975,6.49501,93.75296,5.293423,75.70894,2.2236068,67.74145,0.04402345,67.04031,4.7298217,76.62252,4.489578,52.390736,1.651237,56.246464,-9.095737,62.23239,5.7310066,41.776592,-0.93184376,49.542088,3.3311877,53.93057,-0.5302424,42.771347,2.2278461,55.728497,-1.2331326,85.88087,3.2083774,45.565475
"Shawn Mendes, Camila Cabello - SeÃ±orita.mp3",0.41216916,0.08642773,0.34282655,0.002537542,2517.0202335020977,727460.6064189287,2834.1084979485763,123456.45421025922,5845.947983685662,2336093.013678211,0.0718170260497291,0.0015258014878839652,-5.29734e-05,0.08374135,7.1122486e-05,7.1122486e-05,117.45383522727273,-24.719812,1741.1127,78.208206,683.6749,15.667246,364.2548,25.024784,227.08727,18.712627,160.99738,14.926126,108.17318,2.0358598,98.82865,6.1962843,85.78892,6.4695964,59.133152,10.891594,101.337944,-3.7250736,81.93127,8.488917,63.17263,0.15787388,48.971935,7.2408843,48.26716,1.5383608,62.850582,3.9827764,61.663536,-3.207479,63.7924,3.6433764,49.555946,-3.3926892,49.912956,1.8655863,48.071793
Starship - Nothing's Gonna Stop Us Now (Official Music Video) [HD].mp3,0.40512732,0.085855946,0.116180725,0.0010508057,2906.9566495678287,521869.97708080226,2870.7088226078918,105684.11466231111,6344.52830217202,1607361.3220643168,0.12261112555630804,0.002514189988405275,3.9808483e-06,0.00865732,-8.918813e-06,-8.918813e-06,95.703125,-99.59991,1321.9282,67.28342,589.0149,15.940094,406.6551,29.76657,202.74216,10.697132,129.80817,15.805721,137.56218,3.141681,100.63178,11.512627,44.01858,-1.273379,50.234684,8.941352,79.68186,-0.82658195,51.459778,6.3171554,35.292477,-4.7551947,52.15769,0.41231298,75.111,-0.6301459,67.68982,-2.2454374,83.27027,-0.6301467,106.66099,5.668695,88.80164,-1.7711089,97.12577,4.9832406,116.472115
Stephen Sanchez - Until I Found You (Official Music Video).mp3,0.33572257,0.08087793,0.31036532,0.0017874141,2159.1924561742276,276948.0718468798,2290.1114470061157,126145.10201021485,4566.2140553949785,1654013.7941798226,0.10017739877612229,0.00115381057436283,-0.00024396084,0.07100082,-0.0012711824,-0.0012711824,103.359375,3.198275,620.36,105.569565,490.45877,-13.822072,323.70752,24.19087,131.24097,0.030343814,78.008514,0.77399963,59.410446,-10.270151,120.252106,5.8944755,45.44609,-7.596677,91.69269,15.11544,67.42369,-12.214226,63.453476,6.7355404,63.248856,-5.4964476,51.292885,-5.6296945,53.629536,-1.9071213,64.44544,-5.0163345,32.210987,-2.5442564,37.443085,4.20885,55.215443,-7.784248,36.74916,2.3931434,59.616306
Taylor Swift - Blank Space.mp3,0.43109906,0.08668093,0.23112035,0.0067969114,2622.4112889085286,644168.0734136992,2722.7961718325205,151971.32394524958,5634.4325960236065,2188343.886354465,0.1051705658620356,0.004087552783031696,1.1258172e-06,0.029599044,-0.00040549354,-0.00040549354,95.703125,-47.993717,2048.0056,77.57698,587.77594,11.393265,394.0415,32.173683,190.5101,3.5215766,120.24033,7.2263894,117.01784,9.102629,108.40365,5.188043,112.71674,10.076104,85.78609,11.031201,71.428734,0.19579355,63.16086,7.935485,58.227905,-0.87094814,54.806732,5.524453,48.589428,-1.8375324,55.667606,5.0872993,86.51781,3.3736048,83.360085,5.4056706,76.17098,2.4470053,74.15737,11.23087,90.08738
Taylor Swift - Shake It Off.mp3,0.4684647,0.076349966,0.30495748,0.004257328,2669.985921695718,567731.064750709,2656.084365944095,98895.59998851577,5555.241408215219,2138003.1825935584,0.11649438249806501,0.0031670392165765253,-2.7134356e-05,0.05211724,-0.00019030928,-0.00019030928,161.4990234375,14.925303,1097.9692,78.937996,605.82245,-9.708501,257.1987,16.320242,127.49949,7.4369574,100.13011,13.590864,139.26653,8.693686,80.331665,7.4904914,43.229786,7.268139,56.017498,8.812528,43.42378,0.7117962,43.466022,11.129644,36.31986,2.2847455,37.764748,9.480603,38.472614,3.0204337,37.24282,6.4135666,45.05636,3.1751845,32.039764,5.9701514,49.416775,2.4656086,59.52467,5.438346,38.522648
The Beatles - Don't Let Me Down.mp3,0.383491,0.08665926,0.23005915,0.002978167,2155.895993170878,646342.1821520682,2401.0981178319666,229825.3557612318,4726.971416650542,3530261.702518506,0.08940573299632353,0.0034830716573091354,-2.0010993e-05,0.032557048,8.268726e-06,8.268726e-06,161.4990234375,-48.012524,3834.2686,99.68978,1262.0886,6.747155,490.42892,27.608698,158.23013,1.7874662,136.80164,3.4651885,65.167015,-9.580801,84.92834,4.3672714,68.449814,-8.201801,54.07694,5.6063623,50.538086,-5.1303444,47.303165,1.6924686,52.81972,-7.5729194,41.80666,0.285271,29.783543,-5.0185957,32.76846,-0.573088,33.56169,-6.689626,47.898495,4.012066,44.560917,-0.050327394,33.001217,1.9615446,32.253853
The Chainsmokers - Closer (Lyric) ft. Halsey.mp3,0.35698897,0.09252568,0.17691688,0.009655802,3146.1778096909175,1359395.692457805,2965.716436805135,240566.05575799925,6785.892299970975,4030590.923322183,0.15516081535410217,0.010812610160133395,-1.9866828e-05,0.013353063,1.4319386e-05,1.4319386e-05,95.703125,-76.01812,6798.0264,69.48761,1227.7183,12.26531,1118.3988,5.294342,393.2711,3.145174,227.95438,-1.2099497,204.0967,-0.26887795,194.31653,-3.3452232,124.327446,-2.6883364,100.48351,-5.8220572,117.63674,-7.7043157,79.093994,-6.5014687,81.07881,-10.857854,77.026146,-0.96311945,65.08216,-3.131636,79.66547,3.5319,86.49436,1.5664378,121.56502,2.3682175,113.790596,-6.8267365,74.8542,-3.0820277,57.455666
The Chainsmokers - Don't Let Me Down (Official Video) ft. Daya.mp3,0.4850996,0.076559015,0.3477291,0.0127625065,2590.2463662519954,326734.5573862688,2683.6549505485705,91080.19861002157,5722.023733038652,1121784.3636141655,0.07193720672890867,0.0032226984918047254,2.7327102e-05,0.1045884,-2.8514358e-05,-2.8514358e-05,161.4990234375,-22.354267,1821.8162,66.42895,431.15808,2.4013493,352.62247,38.241337,298.8844,3.4964793,83.63108,18.571585,184.42177,8.624752,91.98093,13.0303955,105.10735,2.8892713,62.455845,11.671446,92.89371,3.704354,42.775112,9.839891,33.93238,0.23876694,51.518974,10.0827265,29.777609,4.624154,34.59134,7.1689906,57.43722,5.4573026,63.500828,6.692002,53.949635,0.5309308,58.217903,2.0389593,39.2254
The Human League - Don't You Want Me (Official Music Video).mp3,0.38019618,0.08466164,0.13143824,0.002595028,2702.971660099356,555475.6591222404,2654.2061386427404,101278.55587270256,5800.889922812258,1781506.0945403872,0.11286704237616099,0.0029519922346252906,-3.377012e-06,0.0068742456,-1.5901895e-05,-1.5901895e-05,117.45383522727273,-78.880714,2307.3623,76.62029,871.1907,-0.4802318,213.24467,25.424448,254.41225,0.7105371,95.176956,6.2106366,104.57625,-7.1716905,76.23781,1.3119969,82.49121,-9.491117,104.92,3.379071,58.78369,-3.152055,56.991135,1.6298144,44.757763,-1.7432523,40.81013,1.4090728,52.14489,-0.62189233,57.252625,0.7476703,42.349125,-5.618338,34.74815,0.71651775,53.59594,-3.9658782,38.570488,0.4687806,43.28688
The White Stripes - Seven Nation Army (Official Music Video).mp3,0.454383,0.09166073,0.14949545,0.0026906063,2057.1622248576837,1250693.948401263,2327.9213588233806,177288.22727388667,4085.8919598369775,5108307.306064618,0.07844812729779412,0.005911990804786002,-2.739196e-05,0.012202905,-0.0010763544,-0.0010763544,123.046875,-173.68575,9672.248,80.38204,1481.8531,33.876713,877.1809,57.99596,498.5138,1.8751501,311.40305,21.455992,137.09818,14.244071,101.69128,16.915962,65.200226,1.0197196,59.25145,8.082266,75.39817,4.35213,59.63209,7.652027,46.573513,0.1444369,54.372158,7.1153145,50.119957,-5.3789396,49.17154,2.7681503,54.890545,-4.994214,49.89877,1.2857523,55.06684,-1.9992954,74.88199,5.7750993,77.715355
Tina Turner - What's Love Got To Do With It (Official Music Video).mp3,0.28879714,0.09083739,0.16001052,0.0026649944,2256.1467930502536,530460.716658056,2373.00242678379,201300.40276482268,4745.629637160168,3087691.2567355637,0.10702127273606811,0.001954317155740076,-3.9412987e-07,0.017079333,-9.156738e-06,-9.156738e-06,99.38401442307692,-111.88042,5204.723,93.08914,981.8234,1.4509383,571.5889,17.897093,346.80035,-2.0926313,352.40964,19.468754,243.48177,-3.404628,147.08896,0.2320516,119.565834,-2.4202163,102.69236,6.291368,99.20503,-5.1961136,89.99552,-1.5999353,195.80528,-1.8864006,111.35871,1.7308369,144.47032,-5.495453,112.374664,-0.1425991,177.17348,-1.2658472,156.31334,0.7309278,140.42422,-8.256937,174.32822,-0.7292705,138.25702
Tom Odell - Another Love (Lyrics).mp3,0.36277255,0.08170189,0.19710934,0.0024257102,1682.7070366688276,638422.5126338174,1991.0463735389083,333135.4805209894,3459.0874167049633,3187254.9443025948,0.07462691079721362,0.0014905662384605797,5.1007964e-06,0.023724332,5.20136e-05,5.20136e-05,123.046875,-82.318634,2524.483,132.61081,967.70044,-6.234433,460.32397,26.351223,241.56003,-4.4207497,291.38297,2.795195,98.87727,4.854014,92.077156,1.199971,61.238094,-3.3401976,68.67754,1.8540975,70.69551,9.052372,84.46538,7.404425,50.827858,-3.9577541,87.651825,8.748082,65.3261,-3.7736166,68.10536,0.5331088,60.94056,-2.731448,54.03707,-0.71685266,46.256084,-2.4716997,47.41456,3.4429746,56.146732
twenty one pilots - Stressed Out [OFFICIAL VIDEO].mp3,0.4639302,0.087110914,0.27912962,0.012409223,2505.695670436303,1861290.4183268268,2698.147622893277,424282.1420044227,5422.6172101756,6997509.689054401,0.09108864043150154,0.008826720055729494,4.6440277e-06,0.04740389,3.0224088e-05,3.0224088e-05,172.265625,-80.87051,6892.2734,80.78945,2401.3157,32.81151,701.7632,32.390026,324.37915,13.799554,265.55887,14.043631,254.21928,11.065756,163.5739,9.508246,184.09232,7.423287,159.63336,11.556364,113.11153,-2.1568913,97.80204,9.760731,117.2123,0.90057695,81.561386,5.851595,70.76951,-0.2538935,84.48179,2.1205487,51.449,0.40253773,66.51433,3.2373698,53.532917,-3.6655307,55.88804,-1.20479,70.45898
U2 - With Or Without You (Official Music Video).mp3,0.4059735,0.08533764,0.13915768,0.0005720094,1499.8640590181897,613309.4670651949,2114.233418668484,296503.18207196693,3299.730046983843,3505092.275522701,0.0479736328125,0.001056161135342837,-5.7754114e-06,0.015844803,-3.2542783e-05,-3.2542783e-05,112.34714673913044,-185.6041,3278.291,115.800575,1342.221,20.30557,448.66925,44.07948,175.16725,20.973038,204.9313,21.963608,169.49266,7.7645116,96.451866,10.795221,164.26744,-0.718373,93.753845,10.467774,73.620255,5.195654,79.88218,7.9061956,73.55135,-2.1206136,71.710106,2.8484852,64.499306,1.0723257,94.88517,10.667327,63.113583,-4.223954,60.66467,2.332275,79.62247,-6.249861,93.2947,7.8641853,207.41241
Wham! - Wake Me Up Before You Go-Go (Official Video).mp3,0.39761508,0.08560919,0.18109857,0.001973718,2813.26036267338,530462.3265769808,2581.2265440866586,118775.03407381078,5676.190676851538,2075914.1495947163,0.14665293029218265,0.0042877924405841416,2.9436019e-06,0.015269087,4.5269153e-06,4.5269153e-06,161.4990234375,-32.860302,1703.7544,70.47987,777.8193,-15.057008,364.6697,24.658527,230.30696,6.732599,133.134,1.4840969,163.68375,2.8530242,80.2244,13.648501,66.35599,-9.948787,88.87754,11.24966,76.00908,-7.6184998,49.332745,-2.7417355,53.446266,-3.7445965,38.966892,-3.2952702,57.605637,-6.5846376,42.802067,-0.8963563,56.686478,-8.83279,84.57378,-0.9796044,77.49069,-5.0223937,100.206436,6.36993,91.44043
Whitney Houston - I Wanna Dance With Somebody (Lyrics).mp3,0.36700058,0.08890133,0.12190711,0.0016238859,3427.582619502681,444845.41912728676,2890.155477690854,54560.04957838317,6994.007708192241,924692.0150495291,0.1924028426131966,0.005817761883619657,1.6130828e-08,0.007571702,-9.026216e-06,-9.026216e-06,117.45383522727273,-64.50497,1985.969,50.16143,485.0744,0.3926435,444.08542,14.113127,286.83832,-6.391076,130.89091,3.8667817,193.55348,3.1581874,128.89459,5.446381,85.383125,-1.7922938,101.285446,9.047307,71.88297,-5.5295143,99.30572,-2.3236692,68.82817,-6.2163754,61.549828,0.5892738,55.158615,-2.3809953,78.47634,4.090801,78.41768,-0.12750135,67.89612,1.4833229,79.6318,-4.9236946,73.68431,1.1564451,77.732025
Whitney Houston - I Will Always Love You (Official 4K Video).mp3,0.2653942,0.09220784,0.1324507,0.0038654911,1826.179781594905,296600.7160296382,1955.197554899771,104418.91952087345,3494.4455362325853,1053828.211362539,0.09087737942627709,0.0020059803602804674,-5.2241276e-06,0.017630603,1.0858808e-05,1.0858808e-05,135.99917763157896,-148.64264,2524.5164,113.70794,785.7358,-13.689202,355.8977,40.249657,487.22263,11.725162,151.58304,-4.9162602,221.57944,6.0805206,113.06657,3.6582174,76.343315,-6.4944816,77.41762,12.97597,152.7123,-10.615946,83.61523,-2.39899,153.07356,-6.5205956,43.06871,-4.942268,130.67188,3.3257587,64.7179,4.4850736,94.827965,2.7266805,117.54262,9.265845,113.90758,-6.617039,114.92307,-5.2409663,208.74037
Wiz Khalifa - See You Again ft. Charlie Puth [Official Video] Furious 7 Soundtrack.mp3,0.5012216,0.08915619,0.33170474,0.0050010975,2204.4209292138944,673453.0285363102,2469.4380256871154,213318.0730024596,4862.437264173762,3097032.225226438,0.05702988946400929,0.0013972050025310016,4.1723906e-05,0.08015121,2.4136074e-05,2.4136074e-05,161.4990234375,-36.221428,3299.01,91.070885,1007.8826,3.4282975,393.99646,31.117643,299.91357,8.541688,180.32097,17.33879,75.70366,-5.9608383,111.87626,7.6112056,81.031204,0.8049757,52.25597,6.723616,69.47995,1.4341593,53.474777,8.489568,39.752197,0.41667628,40.614277,7.2649627,35.056377,4.556784,38.21594,8.115756,34.40725,-0.64038986,32.41007,7.058565,44.36812,2.1698706,33.378666,3.849134,32.511604
ZAYN & Sia - Dusk Till Dawn (Lyrics).mp3,0.4001945,0.07862296,0.33424544,0.001800391,2227.008217087284,347545.23998336593,2494.056620360546,126640.29780654862,4826.30414933243,1962921.0492314864,0.09006634880514706,0.0010331497261203328,-8.2682645e-06,0.07456613,-5.8681322e-05,-5.8681322e-05,92.28515625,12.886864,687.9955,98.39477,528.1559,-2.690339,134.03355,24.646406,86.43734,7.7419662,57.97371,10.763056,93.152214,1.6112318,61.42603,6.618049,34.879803,1.8948708,36.746815,2.1943166,46.157787,1.6225845,46.84723,6.8632584,31.815739,-0.24478093,40.17531,9.439357,41.863453,1.9032619,37.59364,3.9665709,38.322193,-0.3863704,61.764076,6.173457,49.02839,-1.1732569,41.91926,7.2171264,45.402016
