filename,length,chroma_sftf_mean,chroma_sftf_var,rms_mean,rms_var,spectral_centroid_mean,spectral_centroid_var,spectral_bandwidth_mean,spectral_bandwidth_var,rolloff_mean,rolloff_var,zero_crossing_rate_mean,zero_crossing_rate_var,harmony_mean,harmony_var,perceptr_mean,perceptr_var,tempo,mfcc1_mean,mfcc1_var,mfcc2_mean,mfcc2_var,mfcc3_mean,mfcc3_var,mfcc4_mean,mfcc4_var,mfcc5_mean,mfcc5_var,mfcc6_mean,mfcc6_var,mfcc7_mean,mfcc7_var,mfcc8_mean,mfcc8_var,mfcc9_mean,mfcc9_var,mfcc10_mean,mfcc10_var,mfcc11_mean,mfcc11_var,mfcc12_mean,mfcc12_var,mfcc13_mean,mfcc13_var,mfcc14_mean,mfcc14_var,mfcc15_mean,mfcc15_var,mfcc16_mean,mfcc16_var,mfcc17_mean,mfcc17_var,mfcc18_mean,mfcc18_var,mfcc19_mean,mfcc19_var,mfcc20_mean,mfcc20_var
a-ha - Take On Me (Official Video) [Remastered in 4K].mp3,3307500,0.37871218,0.08898065,0.19137567,0.0068316925,2679.5578426163947,675787.0694672422,2636.0613378474554,233665.0070664707,5755.761862362132,2236148.7875355445,0.12551375350715943,0.004541258967685236,1.9849804e-06,0.018656129,3.4246597e-05,3.4246597e-05,172.265625,-55.832077,8416.268,73.39475,727.86285,3.8383994,242.88864,25.813086,151.8784,2.8421783,114.99062,12.41395,78.18959,-1.3247797,93.453384,7.194242,77.909134,-5.2335114,82.091736,5.1764627,99.21142,-1.4627919,65.61482,3.3690631,56.951412,-2.9994867,59.05167,0.75568885,51.324177,-1.7925278,42.135414,1.5074803,54.3973,-4.1996994,50.47862,2.083793,40.15412,-2.3153982,51.6952,-0.89752865,70.60421
Abba - Dancing Queen (Official Music Video Remastered).mp3,3307500,0.35321897,0.083018914,0.24309687,0.004273455,2605.2487566776185,390197.5564632565,2522.4515758496627,188590.36133744454,5379.897468496033,1731529.8862769136,0.13469170254450463,0.0024626303729428337,4.6095975e-05,0.03539547,0.00082514476,0.00082514476,99.38401442307692,-2.2786002,5042.66,79.76864,481.8102,-11.605442,349.551,17.778236,171.2567,-1.9530904,76.054115,6.5117636,77.35634,0.46086115,59.874634,3.6800709,54.26474,0.4418062,55.97413,3.5804374,45.150047,-2.8277247,43.273117,2.6641362,47.41547,-2.407228,64.60046,3.4377146,55.314724,-3.0861638,52.308735,-3.187402,52.66739,-2.4413915,71.48491,1.7483066,55.47525,-2.73783,55.902744,0.3369251,58.48533
ABBA - Gimme! Gimme! Gimme! (A Man After Midnight).mp3,3307500,0.3688869,0.09002133,0.043168776,0.0010379929,2866.7817319344294,835010.6096746828,2657.047917978683,284597.1227224278,5873.947814374516,3126255.150644639,0.15202281467685758,0.00640660082253323,2.615988e-07,0.0005408313,5.0466824e-06,5.0466824e-06,117.45383522727273,-213.23518,7101.2583,71.056725,907.83826,-5.815755,908.70044,16.653149,227.06926,2.4282026,146.29611,3.2061124,226.12032,5.259765,127.28156,3.004318,109.00563,-2.4109085,73.340805,1.4755536,77.10439,-5.4430823,48.41375,4.0435376,77.37342,-4.16097,65.05833,-0.9623903,46.308952,-4.350147,49.305656,-3.562618,45.781715,-0.8629843,45.9423,-2.6774943,60.28574,-1.5975081,60.374893,2.0000427,67.53869
Abba - Mamma Mia (Official Music Video).mp3,3307500,0.37368485,0.0849112,0.19338822,0.005447839,2570.5587783100464,594700.743527456,2415.8490796724845,251842.06277540608,5139.548921850813,2423431.743190987,0.13692985983455883,0.003997078747876115,-1.0846166e-05,0.020030513,1.664932e-05,1.664932e-05,135.99917763157896,-44.737255,5273.2544,81.00551,774.4084,-19.493147,858.5052,26.607542,333.7249,-2.7200785,217.01587,3.5570626,169.53514,-0.42297903,116.42274,0.7135777,130.3076,0.96544254,97.98947,2.5392816,62.28747,-4.9057994,77.94092,3.9625993,64.64359,-5.676791,61.167274,4.1823406,52.09401,-5.693813,52.847275,-0.48537385,60.560314,-2.585435,50.694317,4.1281505,45.112545,-2.6917815,66.01641,3.0333602,101.789825
ABBA - Take A Chance On Me (Official Lyric Video).mp3,3307500,0.40820926,0.08265112,0.16634609,0.0036012414,2726.567356147218,424478.63442822313,2690.289042998492,137418.29767171637,5799.434931610391,1985466.727558286,0.1307635327979876,0.002710281256582564,3.5876288e-05,0.013878585,0.0009271537,0.0009271537,107.666015625,-51.231674,2478.6792,76.775986,518.9017,-3.0319433,478.86044,22.781261,232.38939,7.7729793,118.69426,7.85034,169.47519,2.7059648,75.35812,8.175914,82.55937,1.7525421,57.992386,7.978838,68.137184,-3.225349,57.578445,6.582516,45.370853,-6.990613,52.08323,4.4695015,44.79217,-4.967225,46.81682,-3.1233416,75.45136,-4.344983,61.825287,-0.0048627164,50.276325,-4.82764,61.57771,6.3638763,83.14232
"AC_DC - Highway to Hell (Live At River Plate, December 2009).mp3",3307500,0.41596782,0.08390873,0.16473083,0.002077108,2488.4349325404633,412647.9749245091,2312.3904233000076,249972.99869972587,4945.080097777187,2159413.1341361245,0.13677029919698142,0.002990267520326608,-2.197606e-06,0.011718463,-8.917297e-05,-8.917297e-05,123.046875,-36.523266,1832.7914,88.79439,698.65485,-34.87652,748.3497,18.021969,321.73962,-3.24747,187.68488,1.8464497,96.838776,-4.7477183,87.90143,-0.84533155,100.2408,2.5760999,76.32659,-0.21771358,115.99596,-1.4196237,61.103527,-2.0740101,69.10794,-6.4079366,44.465237,-4.4060907,71.70368,-9.280072,60.308933,1.2173922,44.654858,-6.454632,54.786,-2.318659,60.951027,-2.1895826,43.068474,-0.8510136,41.798733
Adele - Rolling in the Deep (Official Music Video).mp3,3307500,0.34398016,0.09253141,0.08336909,0.0015691451,2290.945954081669,652841.8871916884,2629.6838332779625,211791.0216675934,5198.093567839348,3586374.3036698983,0.0853301718508127,0.002339982580559984,5.939796e-07,0.0051701064,7.223024e-06,7.223024e-06,103.359375,-175.30779,9788.317,91.02839,741.4443,8.61622,394.44144,20.97932,214.28242,16.472813,131.97562,10.19091,128.10011,5.2021103,97.53229,8.269304,99.47563,0.06503436,83.62618,7.0426307,78.67076,-7.213996,59.189877,6.48374,60.36193,-5.4084334,65.18158,4.9762607,52.026993,0.7819257,75.53407,-3.6484995,105.689095,-1.4438496,93.487724,-2.2286024,96.24864,-5.8096013,97.94985,2.3744304,139.1355
Alan Walker - Faded.mp3,3307500,0.31287086,0.08837962,0.23710953,0.008838743,2362.924878006882,922076.1502599249,2510.2422485573306,485327.3406662421,5103.997470158911,4974876.938937069,0.0985216264754257,0.0028379495682765415,5.863541e-06,0.048680905,-3.902841e-05,-3.902841e-05,89.10290948275862,-55.00383,6842.0923,97.83252,2187.7065,2.529764,286.95755,13.986372,169.51169,3.592159,93.431496,5.857936,145.80083,7.856886,99.67288,3.9989188,101.44749,3.7780735,66.764565,4.1577497,63.64447,-2.6584554,69.648476,1.3537107,81.97916,-0.014909699,79.42438,2.086338,105.56487,-0.047721066,112.4244,6.436271,122.24218,2.379778,100.631966,3.3426073,67.23517,-1.1210661,99.8368,3.832229,136.76051
Amar Pelos Dois.mp3,3307500,0.289249,0.09320425,0.09359645,0.003271661,1268.6262228641492,543988.1601999328,1661.2492994976449,236636.3566090584,2475.8183623984132,2276646.1506700357,0.052011250120936534,0.0024071510605047923,-4.5532497e-06,0.010012956,1.1430859e-05,1.1430859e-05,123.046875,-236.74847,6914.249,140.84256,1658.2882,5.0244117,626.6252,30.480656,352.12885,6.8666186,123.8655,2.9308274,111.17943,-0.94042873,93.7872,0.06283223,78.57806,-4.0223074,90.7291,-1.1888895,95.046684,-6.8735113,66.305435,-1.0448966,84.59856,-2.72672,70.069275,-3.2862334,69.33137,-2.2452579,63.27352,-0.24432573,67.109344,-2.1290677,60.64999,-0.88499314,50.48131,-5.0373726,61.763836,-2.885909,72.28426
Avicii - Hey Brother (Lyric).mp3,3307500,0.3630287,0.08514508,0.2190769,0.004830043,2463.000969065794,735600.5001405762,2440.354795964924,217945.97262448474,5166.627091446159,2785676.2341225413,0.11883405089009288,0.004438333887231613,7.7564e-06,0.03478768,1.9338779e-05,1.9338779e-05,123.046875,-43.159298,6372.5522,82.452576,1080.5896,-5.7628155,414.60757,27.357922,332.26727,1.2616885,250.66216,13.011213,99.504234,-4.0982456,149.96115,4.1747193,123.30453,-5.4477,102.153305,0.29810387,96.50246,-2.0452008,72.38486,2.2562938,89.572136,-5.63202,78.32758,-0.08903521,67.20357,-4.4407406,63.036163,3.0587068,53.401264,-3.0535207,62.3578,0.4844555,49.16108,-3.2334287,50.868816,-2.8274684,60.33708
Baby One More Time - Britney Spears (Lyrics).mp3,3307500,0.39875498,0.08901621,0.13457645,0.005064696,2822.3074212838596,879489.9271229564,2659.8419312881556,158628.31164278186,5803.214908753386,2671931.568015236,0.14471280596942723,0.008320468308846123,-0.000116904055,0.0089134285,-0.00032708776,-0.00032708776,92.28515625,-90.94147,8491.039,71.43234,1174.3951,-2.310003,553.14325,16.626839,327.8545,-0.34487176,217.33241,9.105113,228.12306,-0.585868,143.71776,0.23333888,154.01584,0.799871,139.74806,4.5645666,102.12469,-4.858058,88.98713,3.609505,69.43417,-0.8494511,63.907997,-0.1725585,54.81576,-1.6081994,52.209164,-1.2064458,45.225513,-1.7961904,51.486427,2.4044278,59.03093,-0.02957654,67.365555,2.4832802,60.821587
BeyoncÃ© - Halo.mp3,3307500,0.3133604,0.089658014,0.16865613,0.005868824,2037.639285184148,555229.340943088,2306.9327122104405,396191.7503785985,4213.106190589929,3061273.3562940555,0.09090383429276316,0.001795347629569341,-9.614424e-07,0.018116355,-2.1857659e-05,-2.1857659e-05,107.666015625,-95.57362,11233.263,109.86776,932.3406,-8.302241,341.2616,11.903814,388.83084,4.4747,168.53125,-5.6582084,244.40944,12.762816,199.28343,-0.50646305,107.91075,3.515189,129.16513,4.767937,161.25597,-3.963864,61.141907,3.047227,62.561684,-1.5477034,74.20937,4.1694565,75.61951,1.2544355,59.012016,2.737802,79.7071,2.4161363,77.7877,1.0182526,70.70577,-5.182295,54.962578,-0.9383137,78.28961
Blanka - Solo Poland Official Music Video Eurovision 2023.mp3,3307500,0.40321994,0.09361284,0.16592468,0.011035275,2045.8835650187664,845001.78504692,2151.6377510929815,434568.8259337316,4233.956064513593,3637991.535489999,0.09244743795955883,0.004440955238749563,1.6862252e-05,0.021450968,-3.3380733e-05,-3.3380733e-05,99.38401442307692,-139.35492,12911.086,94.14957,1298.1466,-16.23562,1110.1317,18.44671,609.4085,-4.230385,487.42715,4.123881,510.82385,4.7789416,332.52454,-4.930305,412.74622,-0.81684333,238.24474,4.0932264,254.95708,-4.7082567,223.39532,6.368168,192.61382,-5.755436,178.23135,6.0081162,138.61655,-6.71388,145.05746,-1.1993657,116.17618,-6.340468,124.90582,-1.136056,120.82765,-3.1038706,110.128815,1.7658563,126.028496
Bon Jovi - It's My Life (Official Music Video).mp3,3307500,0.41559878,0.08482587,0.24110007,0.005980196,2512.229004425162,578807.2397150868,2356.394374776473,281436.50676486216,5063.746046887094,2383210.6583596966,0.13252315934597522,0.003066592085226536,-1.51562435e-05,0.03040304,-0.0001376867,-0.0001376867,117.45383522727273,-19.543428,11635.307,80.4577,721.34534,-14.398391,810.644,26.343504,357.1508,-1.819201,235.23282,14.988723,170.3812,2.3873997,134.06078,6.7619123,64.99657,-0.40689272,68.28264,5.2094035,74.340775,-0.07426425,56.076065,2.6378286,62.2384,-1.5334399,55.613045,2.3875608,55.266506,-2.5045938,38.60184,0.10883897,40.42416,-5.6404667,47.804844,2.3575203,42.2408,-3.5726814,41.052147,-0.11384315,43.303024
Bridgit Mendler - Ready or Not.mp3,3307500,0.3973864,0.09073898,0.11562962,0.002944311,2730.1672327760893,685815.422562085,2641.5782663263544,169636.90939702129,5711.937127364309,2528316.834943884,0.12711147627225233,0.005079332283198845,7.90427e-06,0.0061134086,-2.380651e-05,-2.380651e-05,92.28515625,-113.35507,5744.653,70.70564,758.70807,-10.74794,634.0243,15.739499,391.1674,2.2468812,306.70706,4.8137193,338.92987,4.5007553,187.63675,2.8252575,184.04454,2.1493895,113.90079,11.73155,104.57649,-6.096506,120.20058,8.830713,93.532875,-1.8311043,78.15913,2.892075,61.532772,-2.514906,53.550068,-1.0502331,64.48254,-1.4867331,64.34193,2.5056124,70.517296,-0.22442529,79.32552,7.104159,91.12819
Britney Spears - Perfume (Official Video).mp3,3307500,0.345801,0.096225455,0.18271078,0.010349609,2140.5299454955048,1398057.1949787075,2571.775360207511,589704.2600260584,4738.596346356182,6870539.201313714,0.08034909841815016,0.004792988466090316,2.1771016e-06,0.02708612,0.000115294155,0.000115294155,107.666015625,-126.93372,10504.842,106.89816,1431.9701,26.595114,663.0671,13.026251,252.98952,7.3699126,188.17926,0.9574181,192.20093,7.5058303,97.750786,-2.575076,150.17111,2.1331975,104.623024,0.78287375,90.61902,-3.6213892,90.12198,2.6508932,77.8938,-2.8364062,87.793724,-0.10115417,62.231926,-3.9265323,63.215237,-1.7775179,75.0926,0.6647232,85.3596,3.485823,98.50398,-2.4001226,117.47932,-1.1000996,71.03223
Bruno Mars - Talking To The Moon (Official Lyric Video).mp3,3307500,0.2528225,0.08719538,0.18599933,0.009235715,1772.6723964015835,766199.9184799506,2039.1778139595115,249175.2914508017,3376.4762495767222,3088191.4872442274,0.08219632836687306,0.0037385136583714344,1.808623e-06,0.033948507,2.9319182e-05,2.9319182e-05,143.5546875,-122.90401,5959.6465,123.49098,1394.6255,-2.2458835,359.9661,4.3709474,182.41052,-6.87147,206.36398,0.89694774,158.43716,-5.3473997,156.7038,-4.725009,77.623184,-7.7235107,110.474655,-1.9936624,83.81207,-6.140395,77.512794,-8.277308,75.479355,-6.814985,79.524315,-8.777675,85.53732,-8.301542,76.65831,-6.6714168,111.485214,-2.4596345,127.75836,1.0359664,120.08777,-8.122165,126.00071,3.4555154,114.02034
Bruno Mars - The Lazy Song (Official Music Video).mp3,3307500,0.35407504,0.09464897,0.22255702,0.011106766,2316.8383843690813,844749.829103234,2539.089125894388,235751.7776489378,5051.367788403396,3273202.3632748844,0.09463321461397059,0.004406512222683423,-8.734463e-06,0.021975283,3.8537994e-05,3.8537994e-05,172.265625,-92.87775,12200.874,86.11175,1152.4563,12.183157,569.0687,20.076351,353.38074,0.9487264,154.60179,10.6419,220.00322,-3.8818374,179.52307,5.4825144,130.27275,-1.0524257,131.36743,-1.9084451,122.98622,-3.6229942,102.53844,-2.0881631,105.57033,-6.1556425,87.281044,-1.8796481,76.30332,-6.212032,73.68211,-3.3815765,80.87338,-1.4974624,82.669014,0.4117669,93.78328,-8.6525955,88.73243,1.7285637,77.43091
Camila Cabello - Should've Said It (Audio).mp3,3307500,0.3528886,0.09337631,0.22983228,0.019519398,2634.2292333485057,987114.4111811434,2661.5957602876188,241126.9367971373,5554.811410815354,3365894.9783612597,0.11998710514222136,0.006510460137238854,9.309504e-06,0.04383994,0.0005758529,0.0005758529,99.38401442307692,-87.38619,4916.638,69.35696,1124.1367,7.593621,739.63904,19.811281,402.57202,-4.386893,271.26483,8.262233,267.05585,10.852302,250.12094,-3.3732743,262.72845,5.163782,192.20728,-3.0731654,168.42972,-9.11187,216.3599,0.10664614,174.06255,-1.3634989,154.43262,1.4209193,178.38445,-2.6732104,175.731,5.836483,190.74254,-3.0986528,173.31728,4.507445,127.27794,-1.4685109,192.09587,2.3923607,149.44978
Chanel - SloMo (Official Video) [Eurovision 2022].mp3,3307500,0.39578953,0.09432354,0.30149755,0.016649894,2639.206991208663,942444.3286162228,2742.0806836817874,246917.93587618333,5807.179884777719,3987393.9105671705,0.11458638194175697,0.007476252884292304,-0.00040042063,0.056449175,-0.0002146985,-0.0002146985,103.359375,-28.329693,4388.731,78.62677,1250.6398,7.1468863,630.14185,21.014803,319.05603,4.395955,220.99638,3.2178442,338.63095,10.430297,192.83263,-2.3962736,255.96327,3.4612532,152.45892,7.683941,121.7942,-4.9141164,122.47788,3.9529786,94.91039,-3.4020953,76.647964,3.369472,78.465904,-5.961795,62.18552,1.6857188,61.386505,-3.2736676,77.03497,2.8570132,69.179306,-1.3037237,70.95706,1.5582613,61.373337
Charlie Puth - We Don't Talk Anymore (feat. Selena Gomez) [Official Video].mp3,3307500,0.3487404,0.09434079,0.21867643,0.010406421,2002.3236618787876,669932.757933671,2645.988446269402,224187.60377979127,4633.780313497727,4121717.3193583735,0.05895346059887771,0.0017702241838941028,-4.19841e-06,0.0340038,-3.1770578e-05,-3.1770578e-05,99.38401442307692,-118.06511,5605.617,100.514336,772.4734,29.095821,484.55814,20.285221,290.99976,12.77202,166.4349,4.3312902,209.181,6.36581,122.30592,1.4451749,135.67093,-0.74014217,105.21153,0.68625367,145.74893,-5.338493,140.93903,-0.14013869,118.785,-9.294492,128.50557,1.7861389,89.32621,-8.21457,96.417435,-2.4184546,104.73009,-3.8995464,118.7451,1.58491,141.17268,1.412305,120.60529,4.4486036,115.73192
Christina Perri - A Thousand Years [Official Music Video].mp3,3307500,0.32001123,0.082714096,0.10128055,0.0018653081,1927.7717897477169,577260.2863708821,2297.258496466722,368921.4587123295,4111.545138049052,3175754.8413848914,0.07644488922213623,0.0018790607633659166,1.4976888e-06,0.009222029,1.00818415e-05,1.00818415e-05,135.99917763157896,-157.47894,7588.2017,114.89903,1113.7144,0.38970315,339.13385,21.78284,209.92813,8.363837,109.31163,2.3869624,118.47496,3.6676764,103.44071,2.4660852,105.25861,0.56021976,93.3056,-8.397045,102.644005,-6.3065124,54.28625,-2.0768585,85.91939,-8.894057,65.896515,0.35477942,59.513584,-7.7518964,74.548065,-5.551012,73.199814,-6.686463,62.146057,-0.8129984,48.443306,-8.02921,64.113716,0.17073895,68.19432
Clean Bandit - Rockabye (feat. Sean Paul & Anne-Marie) [Official Video].mp3,3307500,0.33706927,0.0921499,0.24968818,0.010296593,2599.798337057885,1054276.0289938275,2590.90170746727,239783.8973749458,5215.81346068958,4197782.101271154,0.1229182287635449,0.007088715062360209,-5.6687445e-06,0.03997312,1.8554028e-05,1.8554028e-05,135.99917763157896,-55.463913,4414.426,80.85589,1185.8359,-12.543295,872.2596,3.3058908,767.1531,3.8472788,346.51556,-11.044606,313.3313,4.3946643,276.84213,-7.1757708,257.03683,-7.5516424,207.48514,4.948919,181.58475,-10.136082,140.43115,2.6042337,113.97741,-1.5858973,140.58589,5.07202,113.05517,3.2146146,95.32889,3.410984,115.68453,-1.7154442,97.429085,-0.862739,84.02072,-5.0102386,83.414474,1.641454,95.69443
ClÃ¡udia Pascoal - O Jardim - Portugal - Official Video - Eurovision 2018.mp3,3307500,0.29274538,0.09287733,0.088687174,0.0017345045,1240.399302762338,719928.2027900052,1714.3733102779915,398607.87616841623,2257.1146848696303,3509237.0634827293,0.049981179252128485,0.002519103801742131,-2.5945048e-06,0.0069463826,-2.9475877e-05,-2.9475877e-05,117.45383522727273,-239.4137,6317.394,148.44809,1559.9055,22.785265,771.6893,11.472453,323.67987,4.7644105,151.23158,8.795223,169.02103,-4.719135,124.79919,3.762413,118.22841,-8.256068,152.1598,3.8997035,133.93716,-2.7502117,95.54623,2.300915,81.223114,-5.2789097,99.53123,1.1667175,69.44543,-4.861935,87.02502,-3.7257764,86.88898,-4.4022303,94.7438,-4.0256033,79.8646,-5.4878254,69.42093,-4.0440516,71.51392
Conan Gray - Heather.mp3,3307500,0.31834224,0.090378925,0.2284097,0.0109242145,2135.7238807152235,822732.2204875682,2526.8574469937835,299946.85367584595,4687.8549865155765,4280578.03475954,0.08214047080592106,0.0043002908730402,1.9571252e-07,0.041334234,4.5414097e-05,4.5414097e-05,135.99917763157896,-90.01829,8709.756,95.365616,1174.101,12.255105,466.1318,26.134645,496.2415,18.404133,215.8612,2.8805528,263.87863,-0.7910987,104.448975,1.5065958,91.99762,-4.6352205,118.824745,1.2539588,112.17448,-5.6418405,97.468864,-7.403495,106.719,-5.3688726,99.775185,-5.8451705,94.888504,-4.6641183,69.10404,-3.0289001,65.9721,-7.6209784,81.31318,-1.8130127,68.18454,-7.004103,78.4158,-2.0676486,83.5773
David Guetta - This One's For You (Lyrics) ft. Zara Larsson.mp3,3307500,0.3771091,0.09060577,0.30033538,0.008726335,2458.6524843538627,583146.7760893238,2514.0084333295977,282421.8103742665,5255.333221718992,2696452.506906481,0.10160890939434984,0.002708430099837406,3.7370944e-07,0.0650096,-4.3741067e-05,-4.3741067e-05,143.5546875,-24.953648,7062.0825,83.1085,1129.2715,-1.9361532,318.92795,24.275278,252.79323,1.2362304,117.925606,12.210271,120.47701,3.7304947,106.280556,7.0609894,141.41422,9.168126,109.30206,5.666379,73.629715,-2.4192538,62.858593,3.327157,57.82877,-2.2560492,93.18854,6.224891,71.5066,-0.28137067,73.32631,3.966187,70.24435,-0.18982051,74.206985,-0.068414815,80.00317,-1.4304537,59.57257,4.101486,68.57669
Determinate (From Lemonade Mouth) .mp3,3307500,0.36807737,0.09258872,0.25108477,0.01119077,2436.557273087744,760755.4448718395,2493.7960312135788,401530.80247702537,5071.091002473152,3502228.466687482,0.09648497968266254,0.002756792723582362,-3.1219588e-05,0.04165429,8.3713254e-05,8.3713254e-05,135.99917763157896,-54.988995,14986.359,83.11844,962.6573,-1.1702446,390.7493,26.272823,432.2914,6.290599,127.25966,1.8668623,294.32697,4.306419,165.61841,1.3689725,213.11906,2.606384,148.37982,4.683104,179.41748,-4.659385,90.43758,5.5753636,97.21614,-2.928612,131.88329,0.7872323,72.03769,-0.8965221,64.241264,0.77060515,99.89197,0.6814585,68.96684,3.5253344,84.11456,-3.0548217,76.92814,1.2024375,70.749596
DJ Snake - Let Me Love You ft. Justin Bieber.mp3,3307500,0.40145597,0.085612625,0.16756546,0.0034669677,2074.02825240409,663232.2235514475,2604.227674312748,376909.93664116185,4872.218871692386,5273320.195212854,0.07327068317047214,0.0017904251721107113,-1.1768554e-06,0.016914062,-1.0682642e-06,-1.0682642e-06,135.99917763157896,-108.14369,3313.5962,106.88688,1003.07166,15.919115,494.5468,12.896259,259.11145,17.68264,194.22357,13.357005,209.05257,6.640974,102.349625,11.905047,84.01313,3.9498646,87.20912,8.841369,61.254597,3.6376634,59.316246,1.4105825,61.948772,-1.7452499,59.583447,0.56262004,50.65477,-3.497091,57.445507,-1.566224,54.02992,-6.443587,62.931892,3.298394,80.81924,-5.938672,65.15899,0.1946696,58.069748
Dua Lipa - Levitating Featuring DaBaby (Official Music Video).mp3,3307500,0.44291583,0.087418355,0.29223448,0.012217972,2568.7688932081905,724138.5388268718,2681.6620994776717,246887.32861353768,5673.2140281842585,3004016.7121867808,0.10163763182082043,0.003262053150630617,-9.286715e-06,0.048116464,-0.0009140264,-0.0009140264,103.359375,-19.964594,5532.1885,83.04095,868.0541,5.6623206,616.0878,16.367159,327.71796,1.1345072,212.67162,8.367658,268.877,0.5546012,154.38525,6.2405148,114.30737,3.8575726,110.37074,10.050842,95.79075,-1.7518272,88.26867,4.6069117,75.13137,-0.7121969,62.530704,4.944078,85.487305,1.9386853,59.245945,3.8655896,54.67944,-4.893333,56.551453,-0.24424922,50.250908,-5.6575747,53.07288,0.8599428,58.551895
Duncan Laurence - Arcade (Lyrics) ft. FLETCHER.mp3,3307500,0.28304866,0.09048152,0.16505553,0.011372308,1506.3570351588955,496301.08447558276,1964.4481442724766,314413.45829149766,3103.0429029907605,2990729.250193307,0.059241667472910216,0.0018401995352293574,6.400402e-08,0.02687136,-4.2062446e-05,-4.2062446e-05,135.99917763157896,-167.014,15993.263,126.50343,1147.6823,15.003033,725.28455,15.883565,379.7223,-9.207745,191.44687,5.067621,222.6364,0.058997072,280.91464,-4.5959344,164.42287,-1.5279273,139.8143,-0.7112539,143.93758,-6.1375957,111.215996,-0.8766015,98.85509,-6.3227167,103.400635,0.6144244,161.71501,-4.584318,87.17043,0.91099405,113.3343,-6.3420095,91.07156,-2.9742544,80.09448,-4.3321714,73.78139,-2.5725641,84.44057
Duran Duran - Hungry like the Wolf (Official Music Video).mp3,3307500,0.41639057,0.084541745,0.12675613,0.00285245,2945.7773947174005,642894.6341015635,2633.4739761710675,127080.71072066292,5923.244182952786,1746539.235257405,0.1506853322126548,0.005680697094106507,-2.043916e-05,0.0069694035,2.90603e-05,2.90603e-05,129.19921875,-87.50588,6821.86,61.613766,607.28326,-3.7793727,437.86658,40.192863,295.8001,7.222203,168.36552,7.909281,118.12233,-0.19803746,104.929245,9.973151,77.48726,-1.2554487,72.11463,4.8029833,66.58602,-0.017934415,58.565334,2.2505097,57.909046,-6.737553,54.877563,1.8657172,43.44088,-3.7794893,42.50588,-1.5521384,37.87407,-7.4973674,37.345768,-2.0312333,45.942406,-2.045871,45.53976,0.37734032,41.008316
Ed Sheeran - Perfect (Lyrics).mp3,3307500,0.33536604,0.08500672,0.2081205,0.0054835696,2113.175538967809,1049208.0961635797,2348.4132562153527,381111.04627521575,4567.42238142173,4318227.144551243,0.08056852263931888,0.003486950990904144,9.308984e-06,0.03462735,1.4345918e-05,1.4345918e-05,95.703125,-97.07445,6291.2217,98.53571,1582.9198,14.757469,510.8871,38.814365,356.41293,3.1101968,191.5462,6.4994316,158.41046,0.9111201,153.9977,2.9919696,135.86777,-6.3321824,126.02305,7.855793,184.11986,-8.206629,93.04347,1.9508605,84.64868,-9.7077675,99.70882,-7.9391856,107.96583,-3.3156066,80.15548,-2.560238,65.19173,-8.684124,76.36574,5.635694,71.27438,-3.8131025,64.355484,-1.6087676,72.88814
Edmundo InÃ¡cio A Festa (Lyric Video) Festival da CanÃ§Ã£o 2023.mp3,3307500,0.33864492,0.093687244,0.20846318,0.0070835454,1822.7652503117233,649068.5251745204,2211.550323898495,262778.27778481675,3934.1862105142222,3213228.170324667,0.0645442809113777,0.0025608672761735663,-4.399567e-05,0.03492128,-3.8874376e-05,-3.8874376e-05,112.34714673913044,-107.550255,6715.3574,111.59671,1280.4751,2.9566262,465.18716,20.71159,195.02129,8.73884,242.75774,8.580829,159.24287,-7.1738396,137.70148,12.381049,140.85352,-10.06898,161.71432,6.5839663,86.310196,3.3279653,104.21223,-2.8592546,109.03703,-0.19201237,80.99911,3.2827103,121.376526,-4.1058755,78.26614,0.084853,110.94303,-7.095725,85.22042,-1.5092119,95.39765,-1.0935119,95.51689,-0.474916,149.4417
Evanescence - Bring Me To Life (Official Music Video).mp3,3307500,0.38288173,0.08590562,0.13770212,0.0017195424,2285.3946157434043,703997.0492873612,2402.0296132108692,347717.35194818414,4759.20122176132,3523669.1926800907,0.10603526206946594,0.0029905274621361395,-1.5958278e-06,0.011734988,-0.00018925099,-0.00018925099,129.19921875,-91.85368,6872.0547,96.97326,1653.2911,-4.1652236,335.62878,29.543015,268.93344,6.1159477,155.88147,6.0839796,88.68783,7.925072,72.80842,7.1889453,63.34729,2.1643968,61.268497,3.371956,67.307655,-5.1726465,59.952427,7.2760563,51.84932,-1.0396259,69.684395,5.086558,64.942505,1.8399473,64.446556,6.7321267,57.79095,-2.823445,56.566612,2.7314315,54.459316,-0.9453997,61.512108,6.7541904,52.962143
Fifth Harmony - Work from Home (Official Video) ft. Ty Dolla $ign.mp3,3307500,0.393973,0.096506424,0.18996665,0.010727438,2319.8634550940887,1077914.9130809098,2609.79181589673,400986.30381034897,5173.840381161716,5984972.192195637,0.08758813249806502,0.005672506088162901,3.919006e-07,0.033040114,-1.3602974e-05,-1.3602974e-05,103.359375,-120.71031,9756.597,92.12557,1399.969,3.0197024,761.5395,-0.66941875,502.9325,2.615427,394.23923,-7.357557,357.13623,-6.766042,266.8108,-2.9954784,274.81876,-2.2305698,172.69011,3.7566974,162.6933,-2.145501,175.69096,5.3507013,117.15124,-0.55694824,120.45306,7.060102,68.939926,0.6033422,89.71136,4.6473894,65.94231,-2.1961863,75.095634,4.142624,72.469894,-1.3747023,68.6757,2.6621149,63.83545
Foreigner - I Want To Know What Love Is (Official Music Video).mp3,3307500,0.36367068,0.087123945,0.051617138,0.0005729936,1509.609870282718,436237.91869750747,2079.290604617778,254978.96362902582,3129.5844091645704,3325505.8493317002,0.05690660978618421,0.0011512670011731723,0.000860518,0.0020007112,0.0012292167,0.0012292167,80.74951171875,-254.97214,10359.095,125.28123,1117.7004,21.553865,920.79877,30.693066,225.85457,7.3836174,131.20131,8.071049,86.478096,-2.3221278,78.95456,4.2286787,103.70279,-5.0015197,65.09828,2.0903153,90.663574,-2.558241,60.046318,3.2783768,56.354214,-2.5531561,53.68542,-0.34086207,48.519203,-1.1592605,52.37466,0.48984024,45.272217,-3.295676,46.35707,3.5803068,46.959442,0.005380164,54.462013,3.1648803,47.285286
Guns N' Roses - Sweet Child O' Mine (Official Music Video).mp3,3307500,0.36169383,0.08241381,0.073033996,0.0003935644,2501.683608093349,239596.89934541282,2383.698073068489,144247.83016677713,5082.820931543876,1182793.4448514665,0.12696771296923376,0.0011968752634378013,-4.8503193e-06,0.002642593,-2.9006283e-06,-2.9006283e-06,123.046875,-128.7997,4134.5063,81.25315,461.48343,-20.52981,387.9359,32.002907,170.99315,-3.7246418,225.33365,3.8015146,96.84611,-2.7014332,92.0015,0.1801138,143.28772,-4.879662,71.81813,-4.0769954,98.16795,-1.5238495,63.025,-3.1131687,51.02555,-3.2934315,51.830845,-2.8976102,58.53327,-11.908794,78.16817,-1.15499,63.40656,-8.595784,69.70522,1.4859071,68.54017,-1.382967,71.13248,0.12680647,70.55086
Harry Styles - As It Was (Official Video).mp3,3307500,0.3299,0.0859426,0.34722564,0.009643204,1871.7769544093264,685535.5515905252,2322.388741001321,369377.6392119198,4008.03076398631,3924774.0701877866,0.07037576492356812,0.002342499171720067,1.9180026e-05,0.07204075,3.877189e-06,3.877189e-06,172.265625,-37.18167,5828.584,118.823006,1655.2916,10.397246,619.887,14.814734,171.76653,8.446106,134.57918,2.534469,151.16554,-2.5897424,140.00482,5.512766,85.36536,-0.43066308,83.01541,-0.20267689,77.52929,-1.6123555,68.447754,0.2789818,67.504234,-2.8511133,54.445057,1.6433935,57.07951,-1.6159854,65.05497,2.2436438,53.23843,0.6758912,53.46679,5.0304604,59.967377,-2.7671268,73.80756,0.09760179,76.84199
Imagine Dragons - Believer (Official Music Video).mp3,3307500,0.40443605,0.09500375,0.22534499,0.00560183,2392.290473365939,627904.7796142944,2441.4774113060084,160477.97570900503,5024.6329500653055,2339483.0855017076,0.0989902555388932,0.0032435857536264197,-4.5066654e-06,0.02984911,-2.4805831e-05,-2.4805831e-05,123.046875,-47.617256,6034.9253,84.50096,772.8831,-13.486318,391.24597,23.342318,292.70853,7.5010276,234.0869,9.760395,147.75145,-6.460719,135.60863,8.648638,115.57837,-2.736726,107.436554,0.31276983,122.37131,-0.11589987,82.66641,0.024224041,94.12587,1.6730299,84.91974,2.3740075,99.44598,1.1343262,79.5353,5.251443,82.898895,-3.6981983,66.73085,-1.1678575,57.394455,-2.693084,56.69344,-0.9051176,65.11095
In The End [Official HD Music Video] - Linkin Park.mp3,3307500,0.40992963,0.08233612,0.23799323,0.00903624,2311.019003633404,464964.83593942504,2290.121209177092,219773.955775881,4625.075366135352,2063054.6022289223,0.11669936992066564,0.0024562233372509962,-3.0511028e-05,0.02980208,-0.00036193538,-0.00036193538,103.359375,-25.349226,8035.9023,93.24932,841.76624,-22.104475,529.845,24.432802,230.75404,2.8454561,186.79474,4.69137,100.56708,-0.54348344,104.03724,6.740111,144.16188,3.9813683,78.39905,5.602985,92.25414,0.4392665,74.11727,4.6390624,57.587135,-2.861795,56.465736,-0.5293801,81.19704,-3.9695385,44.47441,1.0241256,53.635044,-3.784899,40.919388,1.732264,50.263805,-2.071043,35.86581,2.4450436,42.62017
Its OK LIVE - Nightbirde.mp3,3307500,0.27156627,0.08892731,0.11037828,0.0037950699,1090.9745938106048,578616.0737920123,1423.4498257903954,607825.9251927922,2031.3410500919117,3222345.8204246354,0.04716932928599071,0.0011161372665224134,-2.9994956e-06,0.011300375,-1.1895314e-05,-1.1895314e-05,117.45383522727273,-241.62245,11136.622,160.047,1899.3118,11.701843,969.53094,15.96001,370.7243,3.2792943,212.91055,-2.0836313,181.89424,-2.3703024,113.37411,-8.456467,102.68945,-5.640108,100.5619,-10.710852,86.63729,-2.043103,81.01726,-12.054716,89.8812,-5.9457126,71.63591,-6.5374236,61.420155,-8.33019,69.55316,-6.777937,62.670975,-8.55678,80.291885,-4.4354544,81.40029,-8.4068775,79.83293,-4.112023,155.99263
James Arthur - Say You Won't Let Go.mp3,3307500,0.2818267,0.09061937,0.17539817,0.0048033483,1773.468339984278,746514.1963011777,2219.6181367938616,338210.21373367816,3680.4627447453076,4352636.665630097,0.07105157338428793,0.0026067407434288707,-2.1404894e-06,0.022296868,-1.0214219e-05,-1.0214219e-05,129.19921875,-130.41376,6357.1045,118.954315,1405.087,7.3514977,386.29678,8.040148,266.3017,16.346828,221.13206,10.784354,142.6637,-9.430932,159.16754,3.4761524,132.72466,-5.492927,150.38237,-0.452895,89.76957,-3.6576414,98.4983,0.6293764,104.06411,-4.2929454,97.33643,-2.8669562,83.2772,-4.1564684,76.95123,-3.5249982,76.88364,-7.851017,86.89918,-1.2322,84.24584,-6.0455446,79.41472,-7.241676,117.88452
John Legend - All of Me (Official Video).mp3,3307500,0.22641385,0.088404894,0.17297137,0.0046120794,1815.4739331735123,655847.8246124253,2106.947832361836,408516.3840397863,3776.8371619823915,3888861.096657997,0.0728616153492647,0.001828174128317047,1.3110575e-06,0.028261427,-5.692124e-06,-5.692124e-06,123.046875,-152.05075,6571.027,109.09108,1746.8677,-0.28686774,455.57303,8.750987,288.9553,-3.7741704,338.53296,-6.302669,172.74194,-20.890333,151.88339,-10.575973,116.90849,-21.725288,108.44011,-8.945476,97.490906,-9.142812,100.348625,-8.339387,89.51364,-12.045904,94.57238,-7.9249105,91.0742,-5.1154885,90.725975,-3.2324238,110.43731,-13.844421,109.30051,-1.8434212,122.79614,-0.13192853,124.09935,0.5052443,111.44204
Katy Perry - Dark Horse ft. Juicy J.mp3,3307500,0.41658467,0.0960084,0.12743507,0.0028383404,2132.9864620280296,666852.7823545455,2512.8286972302953,230522.05754659057,4693.771617405186,3543697.197477259,0.07307537067047214,0.0036831062644113624,-2.8818183e-06,0.015375992,-1.5150281e-06,-1.5150281e-06,129.19921875,-156.32234,6128.6772,92.506096,874.68933,2.6843321,514.03894,21.096567,350.49597,16.01706,316.32706,9.36927,201.63483,2.5518696,181.85963,7.424022,202.68092,7.5232353,164.50777,5.4251018,169.3267,-2.6076336,135.26207,7.325263,101.124664,1.6709865,120.79015,9.39298,102.996796,3.39143,77.34998,2.9835832,87.84845,0.5267869,73.886665,-3.758451,100.86518,-3.2081532,78.60236,5.640274,96.1649
Keane - Somewhere Only We Know (Official Music Video).mp3,3307500,0.33581713,0.08647487,0.24965459,0.008724848,2229.3754230314953,722056.174879662,2522.5861439625214,249957.6298268484,4782.534414002032,3378336.9307384593,0.08511936435758514,0.0029044225096187246,5.3308304e-07,0.049284842,1.9655961e-05,1.9655961e-05,172.265625,-52.93003,6572.4546,97.502266,1059.6467,-1.5875653,387.2501,18.84242,226.6996,11.054229,145.2774,3.2192924,164.03558,0.87107843,98.23311,0.112838626,130.58621,-7.1149178,107.388306,0.342147,95.64344,-6.1021934,96.67484,2.4015326,70.85085,-4.5673046,98.73884,-0.79993474,62.437286,-1.6745307,53.80832,0.23360758,54.595863,-0.095617056,56.94165,0.9826695,59.49051,-4.3976455,54.188305,-4.44287,56.21652
KÃ¤Ã¤rijÃ¤ - Cha Cha Cha _ Finland ðŸ‡«ðŸ‡® _ Official Music Video _ Eurovision 2023.mp3,3307500,0.55341524,0.07299122,0.13480581,0.0016641589,2537.928254948025,1178051.576006525,2745.0023611872534,494002.24586621334,5843.3679992864745,5307993.745815263,0.08273237954721362,0.004851582857407705,1.1283324e-06,0.012431586,-7.164421e-07,-7.164421e-07,151.99908088235293,-118.42838,12156.628,79.496605,1162.1707,14.049366,420.67633,17.505957,222.14873,13.525752,157.49301,13.544174,127.60648,8.762921,84.98121,15.583397,56.65686,1.5927008,79.89644,11.066757,77.991875,4.8488216,46.723537,6.69365,42.051914,3.546847,36.819626,5.8400316,36.71829,0.7329586,35.005203,5.5395184,30.467632,-0.48044154,32.271885,4.230019,32.474182,0.7303649,34.955585,5.1954284,41.555687
"Lady Gaga, Bradley Cooper - Shallow (from A Star Is Born) (Official Music Video).mp3",3307500,0.33120945,0.089655265,0.1073706,0.0034326813,2252.436910308814,865468.8126832967,2466.6053588043096,391909.0859323454,4985.04485611576,4803830.254490679,0.09307094136996905,0.004006374061023652,-1.4772518e-06,0.011856459,-2.2771026e-05,-2.2771026e-05,95.703125,-153.44164,6537.0933,99.19807,1086.234,-9.927605,689.34235,0.32012415,245.73875,3.5419264,257.4001,6.323574,219.54288,4.324032,107.75268,12.285156,126.05305,-1.6128082,108.590805,6.186979,153.77545,-4.2398434,110.269745,-1.1957798,92.96068,-5.673778,76.16657,-1.1263916,93.22891,-6.4411135,119.8269,-4.050262,118.04468,-8.166172,98.50661,-1.4569827,105.34139,-6.325645,99.55042,-2.5002098,98.596016
Lewis Capaldi - Someone You Loved.mp3,3307500,0.25648594,0.08692188,0.19736333,0.0060873996,1932.6446104084555,1324837.7357520661,2066.036766224807,566850.3503042798,3928.03124773244,5442498.01063868,0.08902667255224458,0.00517127487387943,1.9234262e-06,0.03349221,3.390284e-05,3.390284e-05,112.34714673913044,-127.39269,10999.851,114.7072,2728.3572,16.233845,607.97015,17.309793,277.1635,0.65929276,211.8992,8.324493,175.41245,-14.149916,199.45943,9.443894,137.32385,-6.811376,137.90631,-6.738589,101.69123,2.0589185,141.91756,-4.6910305,95.00375,-2.8137524,76.64231,-1.9927242,90.83018,-1.2359167,84.43262,-1.7876811,93.00566,-10.770772,113.40018,2.6912262,141.92636,-2.9391677,115.40952,-0.70988715,154.00247
Lewis Capaldi - Wish You The Best (Official Video).mp3,3307500,0.25496417,0.086415045,0.2852484,0.010008417,2606.462804110798,1829393.8159337486,2575.8287757301778,804699.2932705688,5665.692406999807,7131620.187053829,0.10797810746420279,0.007578814136409395,4.5364305e-07,0.06805207,-5.441752e-06,-5.441752e-06,107.666015625,-68.475204,10515.899,89.38976,2787.6304,19.858234,605.27454,13.167057,353.07867,15.937425,183.19539,10.964555,169.01965,-7.496948,165.96956,6.5089583,116.262924,-10.855978,174.18608,-0.8374843,89.61635,-3.1595533,115.69882,-5.1887345,75.74157,-4.1619353,80.871864,-8.072045,92.64826,-7.0595846,73.6286,-5.0057335,78.61153,-12.412685,94.86114,-0.7157871,108.75898,-3.3325973,87.370735,-0.7304415,106.67694
Loreen - Tattoo (Official Lyric Video).mp3,3307500,0.31353065,0.08722459,0.20272534,0.0071822023,2198.340369021244,631517.3337544423,2456.5375101039995,497353.0785755109,5054.624435377564,4291326.750408787,0.08575586844523994,0.0019089856431446493,-6.6978845e-07,0.031676985,4.4712735e-05,4.4712735e-05,151.99908088235293,-73.35132,6478.7896,106.58477,1407.7084,-0.74944746,473.57852,14.100386,187.46896,6.405707,149.30664,4.7323256,179.16171,4.3123713,101.06697,2.3304777,125.989204,-0.6994844,76.13131,2.9171026,109.79287,-9.79926,88.237625,3.2955327,94.97116,-8.089071,92.0355,7.2798195,132.09773,-2.5374568,96.59371,4.0136805,96.71896,-1.9621462,89.726,-1.108076,90.587135,-3.4448729,74.66378,1.4503325,85.74289
Madonna - Into The Groove (Official Video).mp3,3307500,0.4303132,0.08153779,0.1310461,0.002649107,2991.3605955554317,478221.70173816534,2652.5667181065714,163060.82227379121,5863.159546276364,1775708.4583667358,0.16617238898026315,0.003952516348252802,7.5466032e-06,0.008362992,-5.6047247e-05,-5.6047247e-05,117.45383522727273,-74.21971,6151.982,61.453434,670.1769,-9.670431,285.16504,31.10379,176.18642,2.8275487,153.30586,8.886919,154.57803,6.5362206,101.18435,-1.4798647,98.52009,6.3541794,73.06035,2.3033674,80.650215,-0.96833843,50.17502,5.14643,62.154514,-3.4198332,71.190384,1.4889913,61.551807,-3.1557727,72.48648,-0.8108007,75.7605,1.1441364,72.4958,4.544751,81.58492,0.02155518,95.60724,4.382202,95.6874
Madonna - Material Girl (Lyrics).mp3,3307500,0.4398889,0.082294755,0.17593706,0.0050392635,2802.796005861965,603145.713600832,2613.5464294455783,163585.78216164868,5700.435530246226,2378918.8100198484,0.15468281370936532,0.005334437307003244,-6.194116e-07,0.009686071,-4.227755e-05,-4.227755e-05,135.99917763157896,-44.512714,5512.1313,74.92015,733.3651,-5.4045286,509.79044,24.910545,219.25359,0.3253013,135.40137,9.128605,200.79819,2.3007207,90.99513,4.1002145,82.23462,1.1379776,114.17052,0.36395216,54.887527,-3.0943015,57.42666,1.3049587,50.828697,-3.6414447,48.60551,0.9237751,49.57803,-4.1254034,50.33529,2.0299702,62.31431,-3.6336195,69.201,1.5042322,68.48272,-4.2926555,62.37301,1.6069992,64.18772
Mahmood - Soldi - Italy ðŸ‡®ðŸ‡¹ - Official Music Video - Eurovision 2019.mp3,3307500,0.41511282,0.097873345,0.20685071,0.018365186,2276.5829181127424,804203.3807144276,2640.9641285472035,238630.95322555085,5310.761219886804,3760294.840618931,0.07101892052051084,0.003820213691432917,-5.265031e-05,0.036849733,7.482273e-05,7.482273e-05,95.703125,-112.47961,4727.338,86.95364,861.6743,15.124823,378.41974,23.895802,322.49332,6.7830596,232.33545,13.989006,103.00414,-1.5742803,103.64859,5.005206,112.038025,-3.425868,115.664375,5.5709167,98.099495,-2.7394392,99.82366,6.2876673,86.84472,0.2686156,90.13789,2.0605054,65.96193,-1.2313533,77.85702,3.4225233,48.516293,-4.7313995,54.837646,2.958143,55.879246,1.6715343,65.14673,1.1585594,71.548935
Mark Ronson - Uptown Funk (Official Video) ft. Bruno Mars.mp3,3307500,0.46381056,0.09357401,0.16066664,0.01084369,2781.060590726155,918128.6161470725,2555.550818237216,144349.08574097598,5568.67966028928,2461520.520332123,0.14724559488680342,0.008699675998793186,-4.147487e-06,0.009978975,0.00025339975,0.00025339975,117.45383522727273,-92.2021,11600.81,68.34377,1187.5299,-12.014055,737.00806,14.772823,345.73776,0.013842131,271.94714,13.579867,187.99411,-1.0964714,175.95888,5.0623283,147.16896,0.9087475,107.17576,4.3445916,94.84724,4.6170416,111.729866,5.589938,92.09093,-0.18164176,92.66032,4.965074,72.38508,-1.0840373,61.407608,1.5510712,62.676895,-3.5833528,70.41191,2.4546478,68.16283,-2.8691611,62.405487,4.4193983,103.259605
Maroon 5 - Middle Ground (Official Music Video).mp3,3307500,0.28944948,0.09022291,0.24748366,0.010401182,1712.2587650343332,373215.3916385116,2199.955203825146,227322.63410252926,3682.296066992792,2350802.8624446755,0.06738644059597523,0.001199455882866082,-6.9380724e-07,0.05475884,-2.2297441e-05,-2.2297441e-05,151.99908088235293,-89.81256,4685.881,117.05474,561.2228,3.0419354,304.13815,21.083103,338.82492,1.4710681,160.54887,12.481931,153.09007,-0.09152522,115.46593,-4.846226,164.71103,3.1687107,106.16338,-2.6623847,112.696175,2.365444,106.60793,-2.064238,81.7313,-4.402757,90.643105,-4.9380283,80.95486,-6.359202,74.202484,-1.4315357,66.41719,-9.649235,88.69476,4.446521,107.11842,-4.840082,118.01776,-0.45963168,104.72105
Maroon 5 - Sugar (Lyrics).mp3,3307500,0.35189596,0.09797971,0.20159867,0.010397028,2365.475426147657,875707.1185628304,2525.139372766729,254668.83639040406,5121.867362102119,3470542.6343550934,0.09764362724941951,0.0042248879675827284,-1.0111632e-06,0.023560552,7.975707e-06,7.975707e-06,117.45383522727273,-82.909424,6614.9746,87.704346,1288.042,11.208321,329.68372,27.524517,379.1357,4.6918607,168.79773,7.733988,119.79512,-5.579454,126.71515,1.6396052,115.62521,-4.137557,97.39363,0.73223895,84.23296,-2.6055946,69.72782,0.92446464,76.55278,-0.18015409,90.63784,-3.972516,89.8327,-4.8467803,69.3935,-2.8949714,74.13684,-9.319384,65.2077,1.1395628,52.82591,-2.8676996,57.684853,0.04491645,58.302742
Michael BublÃ© - Home [Official Music Video].mp3,3307500,0.30420598,0.08929132,0.09684274,0.001848843,1426.225868662746,495089.2753903615,1992.2033506015018,238233.54987091405,2809.893008961397,2631256.167556109,0.0544364055243808,0.0023660195386735754,2.677874e-06,0.0075476733,1.581129e-06,1.581129e-06,129.19921875,-199.25519,5860.997,133.0763,982.17694,9.900529,333.03467,24.30847,158.0403,12.883228,129.9273,6.8927183,90.69247,0.64793706,102.63517,0.60609084,70.79088,-5.840479,85.554214,2.0618544,73.42874,-4.8511944,71.55551,3.5001059,51.411224,-3.5372043,57.46009,-4.236008,55.072464,-2.2088346,55.587917,-1.2741486,53.703987,-4.7616367,45.735207,1.4448202,54.002014,-4.9639516,53.088768,0.22963394,55.624886
Michael Jackson - Thriller (lyrics).mp3,3307500,0.4320925,0.082847856,0.21524976,0.0068401527,2916.6863924403124,650802.7114869525,2881.746136202515,148393.59763170677,6457.245953917134,2457377.5410002223,0.1293596108262384,0.004456271068198508,-8.308798e-06,0.021523325,-1.3772401e-05,-1.3772401e-05,117.45383522727273,-30.581247,3794.5908,76.937386,819.2347,11.528491,477.16373,10.44261,285.9358,-0.9489542,138.08768,5.8920846,149.26614,-4.0551558,119.64666,0.76405364,115.348526,-4.5519605,88.80561,5.194996,94.528755,-4.609445,81.903946,2.2449698,66.71392,-2.7085524,60.683514,1.8627316,53.212578,-1.2660673,53.55418,0.9589265,49.040657,-1.2245038,50.441223,1.5050199,47.58612,-3.1545324,50.462917,4.2414627,45.886456
Miley Cyrus - Flowers (Official Video).mp3,3307500,0.37731177,0.09500121,0.2749441,0.014432443,1886.5704670539817,603049.963619512,2261.6161565365173,304484.4692837848,4088.908608262384,3117245.9419887615,0.06962444671536377,0.0019861002699563196,-1.1342173e-06,0.039570358,-1.812634e-05,-1.812634e-05,117.45383522727273,-80.863335,10508.009,104.54024,1097.2139,8.007044,602.0152,26.426918,411.51318,6.581986,213.77574,13.967248,226.00832,2.7995384,162.76215,6.2995563,140.50797,1.3400913,101.440384,8.63859,144.8551,-5.2022834,109.876236,5.3970957,83.66016,-3.9383626,88.704735,2.4873474,69.79541,-5.9610972,71.74658,0.2101349,64.36637,-6.3820324,67.930244,-3.4654462,64.53193,-7.005857,70.22174,0.7931887,74.53263
MÃ¥neskin - Begginâ€™ (Official Video).mp3,3307500,0.37319,0.09170267,0.25055218,0.01049767,2273.821622422,477474.7465286508,2403.6617592749126,198233.69452800188,4740.001337860391,2186010.229010497,0.09254834437886997,0.0021211947881643782,-2.1536632e-06,0.031638373,-0.0005738787,-0.0005738787,135.99917763157896,-58.102264,7452.665,83.934555,1029.8419,-9.060307,941.7697,37.604393,528.1327,5.7228713,296.00296,-0.88558483,338.52762,3.0267112,199.68062,-0.63159454,150.3014,-1.6210277,138.8372,2.2759538,123.6314,-3.264288,74.15431,3.532335,87.59786,-7.6302576,86.448364,3.8628464,72.59183,-7.3371277,84.424965,-1.7229477,52.404774,-6.265676,68.32854,-0.017626423,54.484955,-7.6016736,46.636726,-4.7062945,78.838875
Numb (Official Music Video) [4K UPGRADE] â€“ Linkin Park.mp3,3307500,0.37715295,0.08269717,0.2679847,0.00627383,2500.3945177981686,490571.0760217205,2493.7511596126774,183067.502544772,5154.018834353232,1977205.1429830424,0.11254467093169504,0.002599159207201364,-3.4691566e-05,0.048526544,-0.00025894775,-0.00025894775,112.34714673913044,-12.954525,7776.55,82.702705,706.8629,-8.590672,318.46936,23.031187,172.06432,3.6610355,139.55844,7.4534526,110.70824,-0.56683993,133.54913,7.301911,56.745686,3.098353,71.77018,6.887731,76.186615,2.0913227,66.87516,5.527847,67.3004,0.94389296,54.969494,4.4626226,58.29197,-1.7636232,49.54171,3.1796308,40.869583,-1.2710004,46.35887,6.27899,48.41637,3.0308914,48.886528,6.3584824,51.2554
Olivia Rodrigo â€“ drivers license (Lyrics).mp3,3307500,0.28037897,0.09112778,0.1607656,0.009539274,1556.9168926313293,883508.8214900347,1895.416955206211,489339.629555576,3018.5517472305532,4069247.247255098,0.06853820989744581,0.003005591171199089,-3.1055038e-06,0.020374872,-2.9294239e-05,-2.9294239e-05,143.5546875,-166.09857,10145.413,124.91788,1524.2623,6.865778,863.3267,17.427896,358.69562,7.008428,242.60928,1.4942789,265.23944,7.457405,174.19875,-2.947985,144.35892,-1.6802773,124.784386,-0.94800395,113.59563,-11.158506,100.53736,-2.7023785,110.37295,-5.274508,119.45501,4.4443717,98.74321,-1.5374359,116.39004,2.3948443,116.15975,-3.202299,154.67532,-2.3965378,85.50614,-5.7049828,100.4631,-1.92266,136.5092
One Direction - Story of My Life.mp3,3307500,0.3392475,0.08720275,0.16082129,0.00887088,1911.1886045440092,1161544.8038843046,2397.6932578084393,356890.81210831023,4101.080201329092,5636482.628968025,0.07814737325851394,0.005809426102370731,-3.2666784e-07,0.01842563,-7.790524e-06,-7.790524e-06,123.046875,-131.98131,11166.697,116.08512,1265.198,20.771454,370.5777,11.51332,232.06378,13.0321665,149.05222,7.147235,113.35797,-5.16539,101.19007,1.0196695,113.85195,-8.265733,110.05386,0.81152165,97.37715,-4.0823827,74.205505,1.6748313,72.01209,-5.3610635,52.593895,-2.2786505,72.17327,-6.490692,63.235497,-5.8735967,52.798985,-6.9582696,59.56641,-3.0211806,76.21863,-8.142309,62.430344,-3.351878,59.922573
OneRepublic - Counting Stars.mp3,3307500,0.37691194,0.08877655,0.13143957,0.0028863326,2237.94042250193,693703.4501427556,2539.3977358855723,198433.93815957164,5007.531386809453,2863690.6560123945,0.08621149683146284,0.0030165399503974807,1.6681524e-05,0.009157751,-5.464514e-06,-5.464514e-06,123.046875,-114.32964,6018.0,94.10548,974.061,9.593619,331.8438,28.52966,190.54826,4.106179,135.04579,11.143232,141.51501,3.8852174,82.62564,2.4273086,124.187355,-6.3691225,115.440445,6.067231,89.05639,-3.9103708,96.696236,3.0542605,67.05379,-4.8531036,68.566154,0.9150774,81.14927,0.07070539,58.597027,-1.238241,55.73293,-3.9396224,50.78361,2.0470507,66.5388,-4.2821016,75.96162,1.2764833,61.75218
Os Quatro e Meia - A Terra Gira.mp3,3307500,0.36272058,0.09017382,0.18571226,0.006838605,1840.962112969367,671675.0764309879,2315.042716503648,294211.85205236945,4055.0271464722814,3557091.1573244403,0.06135140528250774,0.0016453246256578182,-1.9590739e-06,0.027688196,-2.9377947e-05,-2.9377947e-05,103.359375,-131.11456,12359.478,95.891235,963.00397,11.220847,416.67728,34.301228,375.921,13.929831,378.45395,12.147189,124.442154,7.1445494,104.39991,10.411305,95.20984,-1.0425506,130.79535,4.224722,101.060196,-3.6563346,107.86309,-1.9011353,171.96416,-1.1260072,110.37363,-1.0515814,110.173485,-4.038598,110.10729,2.4181561,103.59281,-7.08147,74.72927,1.0407556,61.242046,-4.1991677,57.4598,-3.8696232,68.01906
P!nk - Just Give Me A Reason ft. Nate Ruess.mp3,3307500,0.36513317,0.08944253,0.14536254,0.008912534,1788.1031714246635,665851.6512354865,2166.0295013896075,387167.105739628,3709.4492361346265,3753549.3048283975,0.07562939906636997,0.0024374388843741374,9.522333e-06,0.014399616,-2.841466e-05,-2.841466e-05,95.703125,-143.91263,12999.341,118.96547,943.8296,1.116839,478.74576,16.977343,275.22818,8.884564,188.04718,2.3363822,164.60205,10.166835,134.83308,3.2170992,157.72102,-1.8355299,73.044846,3.7218127,129.63734,-7.9120235,75.08765,2.0902922,78.36678,-4.549023,83.49727,2.6991515,81.54003,-3.7970397,71.067665,-1.568119,77.04609,-3.209306,61.166588,3.278953,83.38911,-1.9261688,81.90239,0.8704413,73.34993
Panic! At The Disco - High Hopes (Official Video).mp3,3307500,0.38625422,0.08484045,0.25962546,0.0077003893,2934.527485472178,988551.8494203025,2753.926886876136,260663.48541059528,6227.975673616486,3849065.725911555,0.1519971156636997,0.007127625372607061,1.1128271e-06,0.0350524,3.1356074e-05,3.1356074e-05,161.4990234375,3.4248555,4993.003,77.216324,1393.2799,-8.735974,448.52805,4.687277,242.72806,1.7356029,175.40508,1.8626711,108.307434,-4.208188,109.54721,-1.9344983,95.31965,-1.3196253,75.47515,0.99305993,68.267456,-1.0575584,60.708893,1.008376,53.446518,-4.0541515,58.5027,0.46151134,54.52739,-3.4836228,51.46946,5.5577416,60.976944,-4.644433,62.792747,3.2648978,60.827602,-1.9721617,55.632816,-1.186656,61.206078
Passenger _ Let Her Go (Official Video).mp3,3307500,0.32947502,0.091963395,0.18224148,0.00933204,1946.9973022121048,1160037.4120475317,2292.0426232949944,506376.9738446362,4185.511357452109,5410068.98723038,0.07181596785506966,0.004006571835364076,-4.857102e-06,0.023201356,4.310225e-05,4.310225e-05,151.99908088235293,-128.50284,12206.494,103.98386,1556.0597,15.876176,426.5593,25.26637,291.21603,9.824977,145.82738,6.3697996,128.82845,1.3128773,104.77643,0.8790671,114.37748,-3.2098727,87.63686,-1.0695575,86.79329,-8.7999115,107.5652,-6.13259,97.336075,-5.374945,87.657845,-2.9896333,79.880165,-8.481004,59.38092,-4.6776705,70.01937,-6.027238,54.879723,-0.6353786,50.91714,-4.7962914,60.431007,-2.1173732,55.66406
Queen - Don't Stop Me Now (Official Video).mp3,3307500,0.43426833,0.08635447,0.098982945,0.0020570208,2640.218060616699,672108.3051887967,2367.53930141515,137058.6277400003,5014.9213421234035,1977891.2775712046,0.13736251027960528,0.005287957117944855,-1.1352977e-06,0.0051807812,-2.8713084e-05,-2.8713084e-05,103.359375,-131.08957,6530.053,69.5197,989.4865,-23.3045,496.8539,32.993515,278.1916,5.5208483,135.0656,12.89238,218.91515,9.243223,141.24586,10.377245,121.99091,-4.573454,104.71847,9.522435,106.260994,-4.0261564,117.22463,5.8302717,79.80337,-1.4999528,97.08819,1.5011995,63.59113,-0.020055056,65.16947,-0.5656632,77.804695,-6.660167,99.55131,-1.5195444,79.70233,-4.981863,79.602005,-0.45315152,79.23331
Queen - Under Pressure (Official Video).mp3,3307500,0.35217243,0.09579049,0.06291717,0.001479128,1981.2974657503305,825986.3264875906,2065.3305653572133,304944.58121737186,4004.6174512928114,2965215.065266922,0.09623071062306501,0.005105528305278654,-2.5909497e-07,0.002659988,-2.3100898e-05,-2.3100898e-05,112.34714673913044,-219.95644,18921.205,91.94396,1295.0685,-14.488404,509.5959,36.59275,263.87506,5.9336815,166.37025,13.960311,93.884964,-0.067512214,94.190544,8.354621,74.77675,-3.1402574,65.147194,5.2238836,72.7204,-2.9273984,65.89618,0.8063271,62.87127,-2.1900396,54.919067,2.4986222,60.463604,-1.3776665,52.989445,0.85311675,54.837414,-1.3761637,49.519325,-1.4461764,62.046944,-4.1848364,57.767536,-0.87132275,62.593838
Rick Astley - Never Gonna Give You Up (Official Music Video).mp3,3307500,0.4040169,0.084975205,0.13436003,0.0019373941,3000.036624793412,419978.8351861734,2682.62861729427,76460.68287375213,6156.704437917231,1133330.992638638,0.15804726804373065,0.003971112321397994,-2.3567175e-06,0.008111444,-2.1829072e-05,-2.1829072e-05,112.34714673913044,-54.71002,2610.5708,66.61361,495.74466,-5.0745344,401.99326,22.113161,216.76198,-4.6803536,140.62805,3.9361002,136.38673,-7.0887604,85.05376,4.3027325,77.45062,-10.04664,72.75885,2.3829477,79.00204,-3.0777192,59.030052,-2.220756,60.946774,-4.9468904,43.230442,3.1859968,58.01097,-6.864044,48.641216,2.080316,40.43334,-4.624507,40.932915,-1.2108498,46.092976,-5.627132,47.439888,-0.11160827,44.12884
Robert Grace - Casper (OFFICIAL LYRIC VIDEO).mp3,3307500,0.39095712,0.09010981,0.2130785,0.016869107,2397.9210651140443,734297.7693093353,2589.6246713138244,257326.46464917966,5279.418076081172,3542106.0554423765,0.10102108226102942,0.0037214985018196793,1.7550637e-06,0.025419673,0.00058420975,0.00058420975,172.265625,-62.4712,4334.5586,90.72949,1072.9248,2.4054122,556.0414,21.783295,247.83762,5.562976,174.26543,-0.77227634,160.90758,-4.2733064,113.80418,-0.34491998,136.57076,-3.1905077,104.57027,-1.0241472,107.04727,-5.6894608,83.91856,1.6727781,81.88071,-6.480536,84.428085,0.24476,71.32361,-2.6214345,78.889145,-2.4052331,69.35407,-5.4003453,62.141262,-1.6249464,73.59856,-6.1044736,60.21305,1.138258,63.526817
Rockwell - Somebody's Watching Me (Lyrics).mp3,3307500,0.35563508,0.09500734,0.1494289,0.009004555,2485.83402897302,498111.8444356013,2395.276527009576,220998.8315282032,5147.060543095733,2264186.130678008,0.1232055286135836,0.0032498965317790092,1.0190145e-06,0.008567575,-3.7740738e-05,-3.7740738e-05,123.046875,-111.20501,5559.99,83.12535,889.82336,-20.175781,671.8439,28.588617,419.02048,-3.7572925,243.64435,20.917406,191.61531,-1.7057115,134.15907,5.7411003,101.58946,-2.5647476,116.85544,-0.0048941504,122.58568,1.3195351,105.076256,-1.0947714,107.917206,-0.13523561,110.17436,-4.93065,96.478424,-2.6960237,105.59015,-2.5166678,97.4771,-1.1021606,138.52124,1.8955104,136.03761,-2.9698565,123.85819,-2.3092349,141.87831
Sabrina Carpenter - Can't Blame a Girl for Trying (Official Video).mp3,3307500,0.3225631,0.0868025,0.14114442,0.0016503476,1940.587073606943,546612.9389443083,2339.345525950062,256671.16239482252,4255.637600074981,2688385.773177535,0.0737692440257353,0.0015886202781844325,-3.3799602e-06,0.015114085,-9.8343e-06,-9.8343e-06,143.5546875,-136.11906,6853.322,99.56604,813.75714,10.589962,378.48337,36.524757,273.3593,11.498526,179.4142,11.977014,235.62051,12.690888,215.84953,-1.7220253,137.46709,-0.5458626,156.77283,3.490121,142.06165,-6.0243936,102.83628,6.3843365,128.88693,-6.1830235,96.907486,1.3506829,95.36102,-3.3780174,75.3336,-0.8859762,88.77545,-1.381142,100.37659,2.9999783,101.66107,-2.361536,111.961426,4.888487,117.950096
Sabrina Carpenter - Skin.mp3,3307500,0.27530694,0.089682944,0.122283615,0.0020129678,2183.0965267059237,654309.1921854069,2464.7678510357982,200528.96407211403,4569.605701552825,2680283.741839359,0.08439729767318112,0.003196665492538984,-8.6283e-08,0.012175278,-1.083692e-05,-1.083692e-05,135.99917763157896,-149.09824,8041.1724,95.434166,1075.3677,1.7530566,450.72644,16.031052,337.6619,-0.6769247,179.10777,0.07852606,286.22696,5.4522676,193.22418,-8.209178,218.75243,8.256728,158.17506,4.3569565,209.44992,-13.748307,123.87623,2.8236377,149.20111,-8.87532,108.81128,0.71994466,112.62814,-4.458543,177.82716,2.9776962,118.84296,-3.2141018,150.28516,5.6216884,136.50027,-3.5280428,136.53535,-0.12187205,116.04531
Selena Gomez - Dance Again (Performance Video).mp3,3307500,0.40644577,0.094059624,0.18434875,0.006628829,2393.0684304551214,1390654.5299450061,2662.146699644913,527337.7219143093,5440.045438122823,5951730.884874794,0.0815398697513545,0.005157271802232852,-6.8716356e-05,0.020282801,0.00014163794,0.00014163794,112.34714673913044,-120.39942,7563.0215,85.84477,2333.081,21.35581,607.8413,22.626074,382.4264,12.80603,209.12012,14.283218,195.28804,5.0929713,132.44954,5.716266,165.85048,7.7131395,116.82397,10.986792,118.559784,-2.6551278,98.03969,4.985398,75.71148,-3.174272,82.22019,2.1295488,91.00541,-3.826562,78.6525,5.1189823,93.39136,0.22825924,86.97661,8.094919,70.29265,1.5527027,85.12966,8.693895,130.67935
Selena Gomez - Lose You To Love Me (Official Music Video).mp3,3307500,0.33005062,0.09388888,0.17430711,0.006986292,2100.803810882166,1540663.9347048642,2433.570429371243,799733.0835688815,4776.641116304663,8010482.794886678,0.08148287841041021,0.00568695515535611,-9.849665e-07,0.028563028,-3.671982e-05,-3.671982e-05,103.359375,-141.00504,9012.935,106.63452,2081.1433,31.223965,582.87756,24.574072,303.9825,10.6901245,170.97408,4.545061,188.94385,10.44349,143.02112,-0.6541636,151.86856,0.96292144,97.56668,10.405669,142.57233,-6.5000834,129.96336,5.0378695,103.154274,-7.3435655,114.84342,2.9290714,70.65452,-4.520018,81.15808,0.8191695,79.757744,2.243516,99.84162,5.955486,98.617165,2.6213577,113.08653,10.636495,148.14857
Selena Gomez - Rare (Official Music Video).mp3,3307500,0.39630604,0.095828354,0.22955908,0.014583644,2081.4794882515184,906021.7463601963,2547.5867930846725,471638.27808425744,4741.167997472427,5441074.234593602,0.07050705664667183,0.0037646366119576725,-4.8033515e-05,0.036022227,5.840676e-05,5.840676e-05,117.45383522727273,-103.23055,9561.701,103.601585,1289.2211,19.053469,783.62366,15.185394,305.21793,3.948048,211.92157,7.51853,202.00063,9.953042,147.8932,-1.2804658,148.53232,4.886847,101.530846,1.1007543,99.113045,-6.071794,101.4519,0.054836553,72.43744,-2.2513235,83.973976,1.6966585,65.598015,-3.6715899,62.440006,1.3215802,74.35722,-1.9468303,116.021965,3.3430414,91.70695,-2.0588195,102.03394,4.5115232,113.33001
Shakira - Waka Waka (This Time for Africa) (The Official 2010 FIFA World Cupâ„¢ Song).mp3,3307500,0.43952978,0.09114521,0.09855052,0.0017441312,2341.1531731934842,752516.3295400882,2432.43673353021,258629.6815457657,4948.220078790151,2960334.0074778344,0.09718331257256192,0.0044124937139021665,-9.412651e-06,0.00541466,7.340027e-05,7.340027e-05,99.38401442307692,-154.00049,4323.1777,82.706406,997.5308,-7.968498,955.6657,24.309875,366.27325,-0.4270919,324.32495,8.335481,304.0159,4.8400774,211.57996,8.200422,139.24358,1.3881067,181.76854,13.781973,113.308815,-0.24896164,90.02117,4.085962,88.102196,0.30500707,110.580864,1.3882054,65.49795,-4.229998,69.42203,1.5843073,76.49851,-0.5856007,77.86332,4.7094727,91.099495,-0.7665916,93.74625,3.6275866,120.120415
Shawn Mendes - It'll Be Okay.mp3,3307500,0.34581968,0.091105774,0.14064182,0.006755432,1807.4306979253558,1502177.1173003614,2303.444619737562,979218.3770885665,4153.024887226684,8711849.612789312,0.0635110294117647,0.005163051462460034,-8.661678e-07,0.0189758,2.4512141e-05,2.4512141e-05,151.99908088235293,-185.40761,10924.397,116.64342,2166.4604,37.583942,628.6395,15.298563,287.631,13.756572,166.37558,3.2922945,191.1406,-0.85266024,162.68452,-2.5250447,169.70445,-1.4126043,105.12709,-2.7979064,138.53914,3.3569558,67.73213,0.18410565,77.071175,-12.094062,110.94332,0.5141983,86.545006,-5.1740823,88.581566,-0.6816725,96.60875,-3.7449052,82.48332,-2.4706566,78.84129,-4.9049954,73.80661,-0.66445947,64.17562
"Shawn Mendes, Camila Cabello - SeÃ±orita.mp3",3307500,0.360619,0.09721802,0.23699526,0.009420657,2543.78117849634,1063872.675668827,2735.7524280435177,278844.93895998254,5738.015303006482,3741632.7777468287,0.0867641011996904,0.004029605657044793,-1.3710711e-05,0.0453851,3.5890338e-05,3.5890338e-05,117.45383522727273,-74.43538,5133.2935,78.264206,1151.6755,11.620303,562.9077,22.563303,363.4133,14.227699,215.82317,11.540027,152.54913,-0.2386545,145.25749,3.2710326,166.2801,4.4010487,93.25275,6.3080735,138.31459,-6.3198752,109.46001,4.522799,95.13474,-2.168513,79.690254,2.7499197,80.045586,-2.6970334,85.759445,1.8030297,108.604935,-7.231021,92.64369,-0.49987346,87.72936,-5.493657,75.01598,-0.49117193,73.20839
Starship - Nothing's Gonna Stop Us Now (Official Music Video) [HD].mp3,3307500,0.4109623,0.085859254,0.11475434,0.0012771649,2972.947799854676,643724.469370675,2879.502929085206,141830.72412828877,6487.875768702835,1650978.0866262834,0.12868939568014706,0.003679774007799846,-1.7771933e-08,0.008567662,-4.887622e-06,-4.887622e-06,95.703125,-105.17432,3601.2097,62.799595,655.2636,17.796297,457.05627,30.58739,206.15364,10.031953,114.874535,16.381168,106.97648,0.64811504,77.044235,11.710857,53.92499,-0.4703169,50.218563,10.372901,72.95521,-0.8176167,60.34281,4.8613076,46.12352,-5.069527,49.72934,1.3875308,60.319786,1.1630833,60.625996,1.252268,76.443665,-0.58359987,74.422966,3.649249,86.85357,-3.1378179,78.77017,3.626861,81.48459
Stephen Sanchez - Until I Found You (Official Music Video).mp3,3307500,0.31368053,0.08477889,0.25401103,0.006351335,1911.8405114104592,450181.94380100135,2050.261112742948,311295.95717427967,3931.5928928623257,2608860.6732241306,0.09015213815789473,0.0016011676241330956,-0.000216622,0.052376766,-0.00089331187,-0.00089331187,103.359375,-53.653793,6624.22,118.806755,1327.7892,-18.596458,623.6182,18.137047,262.34286,-2.434538,169.29742,-4.5260744,180.69638,-13.366538,167.89139,1.9238768,113.00642,-10.891774,165.63472,8.82001,184.33286,-14.559053,114.260544,2.051951,98.37796,-7.91289,93.981926,-6.267197,76.97139,-4.5643363,74.87468,-6.730223,83.139725,-4.8921294,66.25119,0.15951025,74.973694,-8.0079975,71.4195,2.1267827,69.26287
Taylor Swift - Blank Space.mp3,3307500,0.38397053,0.099222556,0.17959552,0.010691197,2685.634201376097,1113053.7127101552,2583.492136010544,281088.13593404123,5485.700162054954,3621656.2592144036,0.12042519773123066,0.006982515045356979,3.3987963e-05,0.016291294,-0.0002639626,-0.0002639626,95.703125,-106.03127,11496.119,70.525085,1385.7749,2.891351,644.8142,23.062943,371.1825,-2.1178284,217.45256,-1.4002495,308.77753,2.7072725,195.96721,1.3823665,186.35268,4.174904,148.10278,5.7305813,135.9626,-5.7634735,129.54771,2.0731688,108.61652,-4.5238466,107.623726,2.8526316,90.79611,-4.5650916,86.48149,1.2314378,113.06958,0.699506,117.96991,3.8050022,92.9965,3.2290027,106.74167,9.723169,135.9764
Taylor Swift - Shake It Off.mp3,3307500,0.43282574,0.08946382,0.22490795,0.009102873,2689.9055771021663,779596.3698308786,2631.554702470993,183831.05600005563,5569.75632044553,3060762.1061019944,0.1265611394640093,0.005552104705990844,-1.2797129e-05,0.02695513,-7.547075e-05,-7.547075e-05,161.4990234375,-40.209194,5520.37,75.61339,918.21735,-10.295093,616.91376,15.814471,326.53653,5.991266,230.35023,6.5904546,234.44934,4.215566,161.64616,3.4749897,121.39828,2.163394,96.03226,4.7375264,103.354004,-4.3065104,106.20359,5.7787504,84.53607,-2.2621274,72.52688,5.70328,78.484856,1.0659724,80.590965,3.8382788,82.08516,1.6165447,69.81108,2.4027839,71.52064,-1.7933311,84.156296,1.6279433,68.49196
The Beatles - Don't Let Me Down.mp3,3307500,0.35926694,0.089339726,0.22152838,0.0039347983,2016.5925275038617,631799.1619528541,2297.2657452036274,281001.825594906,4341.025417079866,3555829.090032027,0.0828356291118421,0.002930767126690978,-1.7493117e-05,0.031586252,3.9553242e-06,3.9553242e-06,161.4990234375,-65.419975,5244.8115,106.72719,1373.2305,3.4248,507.70523,26.129097,201.22624,2.642245,136.6771,1.41456,99.76652,-8.939138,99.95652,4.394305,71.34854,-8.993862,86.763855,4.578698,65.544685,-5.1148863,60.39197,1.0936168,58.474865,-7.7627273,44.32414,0.8756543,39.35474,-4.650406,38.486,-0.9989291,44.933273,-7.823233,50.562542,2.6729522,50.43551,-1.3547153,46.345387,1.931866,44.814785
The Chainsmokers - Closer (Lyric) ft. Halsey.mp3,3307500,0.35525972,0.09018788,0.17977127,0.009362655,2942.6881818084466,1604127.2034339267,2824.9785516452444,477696.55867061997,6363.2448556622485,5281020.193427012,0.1310961838477167,0.009581215372155637,-8.993326e-06,0.019274913,-5.103114e-05,-5.103114e-05,95.703125,-90.41654,12512.396,75.99935,2601.8328,17.18032,793.04626,6.7760386,393.4016,2.7309687,234.50446,0.9162406,175.30266,-4.5244846,159.74231,0.6741279,108.8073,-3.9470472,125.490555,-3.1958525,100.8946,-4.560967,104.62757,-4.3407264,84.118324,-7.0404015,91.43616,-0.87603605,74.3801,-1.3408318,75.96441,2.6077678,73.981476,-1.2697572,84.30917,2.0501144,67.46354,-4.588912,56.015427,-3.2971232,56.63469
The Chainsmokers - Don't Let Me Down (Official Video) ft. Daya.mp3,3307500,0.38791952,0.093528286,0.24312557,0.01476389,2030.239195840407,578146.3570205027,2237.6682257950242,343670.4432879702,4234.776059555195,3065360.2205351545,0.07791615772542569,0.0023554177195698437,4.3382868e-05,0.047766775,-1.9775789e-05,-1.9775789e-05,107.666015625,-79.43366,6917.635,103.765854,1637.5889,-11.719008,611.47406,26.406244,467.2028,4.1089783,190.87546,0.023968412,506.27728,5.625451,237.7755,0.23078273,241.64397,-0.0144425435,126.82593,0.07588798,192.55855,-4.9689217,116.96659,4.005886,112.361725,-8.569481,133.25082,7.2338696,88.61642,1.106641,117.96163,4.4382753,95.08668,2.8004065,86.50207,2.949192,75.30431,-4.8203363,91.34078,0.009519066,62.732155
The Human League - Don't You Want Me (Official Music Video).mp3,3307500,0.37458226,0.089007355,0.13832936,0.0027886105,2847.9478817941867,680700.5663986735,2680.0517208387932,96754.48158151911,5977.9938518890285,1884873.228667771,0.130517578125,0.00491032595235866,-2.0403284e-06,0.008143887,-2.503885e-06,-2.503885e-06,117.45383522727273,-77.37593,3516.602,68.57751,912.11115,-2.1889975,294.68884,24.626959,295.04327,1.4582369,132.2643,3.7264283,156.41951,-6.989089,105.89329,0.98632437,105.23473,-9.359009,100.68215,3.6806562,83.17564,-4.7195716,87.474045,2.4591498,63.93903,-1.0449955,66.40106,2.9276237,62.758495,0.8431249,57.94933,1.6376566,51.10142,-4.803733,48.682022,1.1852987,52.13784,-4.091164,46.246235,-0.34588936,52.656425
The White Stripes - Seven Nation Army (Official Music Video).mp3,3307500,0.43573684,0.09404653,0.15185378,0.003976394,2266.1318155688714,1669923.1449786874,2331.851814341622,416303.0413528173,4478.154587878531,6918015.706099675,0.1046522016495743,0.009467427768946908,-7.055491e-05,0.014264581,-0.0010222732,-0.0010222732,123.046875,-158.09572,21708.852,72.31611,1969.5779,24.649754,1040.2172,47.651016,438.65527,8.684725,251.62415,17.783342,116.327576,8.90261,127.82353,16.169964,58.69114,0.9799501,52.838882,4.3668804,83.09793,-1.0520176,78.60174,9.129084,50.48672,0.6488978,50.02614,3.7438724,52.081367,-5.2935863,42.504818,3.7273836,47.57801,-4.026427,37.93983,0.86769634,38.575527,-1.1127287,47.56149,2.9944768,65.04407
Tina Turner - What's Love Got To Do With It (Official Music Video).mp3,3307500,0.33735317,0.09593122,0.13940082,0.0035812065,2135.131731326968,814978.1197731742,2398.2661622701667,318648.3951896989,4615.023760249371,4284940.642885302,0.07928054856811145,0.002672007060925989,2.4479173e-06,0.012759733,-2.5060974e-06,-2.5060974e-06,99.38401442307692,-143.81573,7514.5967,94.02039,1225.5322,12.265643,762.8655,30.267487,503.83405,4.871488,363.88815,13.416206,238.2069,-2.0957258,146.3706,3.3222032,133.81151,-1.7528199,120.47997,7.9048157,109.259445,-2.78644,91.59197,-2.1073763,124.85346,-0.21726951,80.510666,4.196503,93.42557,-3.837808,81.85538,2.0514085,89.491776,-1.3361053,109.98113,-0.15913242,101.32055,-3.1514447,109.99379,1.2724507,93.15619
Tom Odell - Another Love (Lyrics).mp3,3307500,0.3080254,0.09062836,0.11238169,0.0074169324,1501.173109221851,937268.6648041956,1822.00921578844,422308.8316567409,2788.3298060178017,4081559.43429887,0.06757933436532508,0.003651262568260181,2.2937201e-10,0.011923806,-1.0074837e-07,-1.0074837e-07,117.45383522727273,-211.08734,16779.586,129.99008,1449.7239,8.660042,833.3701,11.622915,409.9372,-2.713723,249.4023,-5.110071,227.43341,-0.6411204,146.76337,-2.4542089,97.611275,-8.496593,123.00344,-3.481219,96.71016,0.3869263,117.886536,1.6401895,103.38674,-5.26033,79.6623,2.160734,92.64081,-4.602844,76.06517,-3.3528776,73.57068,-5.669451,65.23789,-3.32513,66.368225,-2.3848748,64.95549,0.47641504,69.92669
twenty one pilots - Stressed Out [OFFICIAL VIDEO].mp3,3307500,0.4148705,0.09376677,0.23991717,0.015603604,2382.2756568761392,1919533.127643685,2517.305760546514,699104.9836556673,5140.615582067531,7281759.136286746,0.0922974010739164,0.008783632533006304,-3.1911023e-07,0.038783427,-1.2124371e-05,-1.2124371e-05,172.265625,-104.29189,15181.761,82.474014,2196.1038,25.045984,761.20825,24.19407,337.4633,7.588571,240.4365,10.331843,251.76665,9.681842,191.65468,6.822043,163.74312,3.4281564,174.76337,11.245128,107.96838,-3.2510474,117.56608,6.066079,96.38228,-1.1384543,90.71643,2.883869,71.39974,0.09414945,80.402596,2.0130496,64.200134,-1.0903404,73.47361,3.5535011,61.403744,-5.124082,61.098064,-1.0962199,58.809994
U2 - With Or Without You (Official Music Video).mp3,3307500,0.39968562,0.08636202,0.13494946,0.0017594241,1594.5749022606349,739962.3756376413,2061.0703100324263,412583.1054053887,3474.293991419553,3815545.6306373077,0.05864046173568111,0.001534538257182485,-1.3520815e-06,0.0154273445,4.516252e-06,4.516252e-06,112.34714673913044,-185.44106,11320.074,109.93717,1371.2373,11.905036,563.7462,40.80769,209.54993,21.438356,202.31157,22.251436,162.43604,6.604672,115.885605,7.279314,115.14293,2.6348517,118.94138,13.245999,97.816,3.3379214,101.935005,7.724187,83.628586,1.5461367,105.668365,4.524964,92.201324,-0.5696962,71.07511,2.501306,100.0385,-5.267993,64.62107,7.249499,88.728195,1.6073922,103.79843,0.72452134,191.425
Wham! - Wake Me Up Before You Go-Go (Official Video).mp3,3307500,0.38560537,0.08775594,0.1610839,0.0030570682,2785.5414705311373,667039.4056494752,2546.404188013744,160441.21251273365,5589.43953475716,2346903.5429493436,0.14563018515383128,0.005325530972182685,-3.3169565e-07,0.013531337,7.659962e-06,7.659962e-06,80.74951171875,-59.897495,5323.0166,70.90009,959.86633,-13.777555,497.52673,24.96501,249.03336,5.6814594,136.57076,2.807309,167.40634,0.89889467,98.34158,13.051313,87.40235,-8.974622,112.31861,9.534937,107.19342,-6.6467032,60.8718,-2.1359038,57.418766,-3.8484492,51.872887,-1.3558917,69.81645,-6.4800253,58.08536,-0.8691828,56.455772,-8.367684,68.79398,-1.5196208,64.89473,-4.6439424,88.21728,5.669973,87.15356
Whitney Houston - I Wanna Dance With Somebody (Lyrics).mp3,3307500,0.36596438,0.09208321,0.114451975,0.0021414366,3493.4551762740216,613382.7364960522,2930.346272204126,99994.99037785665,7121.938601278299,1228712.5880717891,0.1905464668392028,0.007315444779893787,-1.5691528e-06,0.006952916,-2.4822637e-06,-2.4822637e-06,117.45383522727273,-82.55421,5122.3965,47.462257,561.20593,5.345363,579.84894,13.939363,381.0966,-7.118238,174.42345,3.7469373,204.01279,0.66762483,123.61021,5.64609,109.2517,-1.3957965,107.19227,8.240112,71.84827,-5.206941,89.77616,-2.4870462,68.437485,-7.2144833,58.754528,-0.014346729,62.752026,-1.9649215,76.68714,2.5758836,68.82371,-1.2783339,65.87515,1.5737202,75.46556,-3.3566825,72.82907,1.5576241,77.30499
Whitney Houston - I Will Always Love You (Official 4K Video).mp3,3307500,0.26982117,0.09808092,0.07473125,0.0038653377,1989.105205023654,602875.9686603633,2234.317667800991,293954.3640293562,4086.763621232827,2975390.666138951,0.0816959534636223,0.003540783395527626,-4.867408e-07,0.0076183113,7.374506e-06,7.374506e-06,135.99917763157896,-255.45515,19555.244,91.84648,1828.6636,-1.9278489,550.18365,31.249723,470.83807,6.688998,152.5948,-6.412691,290.39218,0.5617366,126.2333,-2.6808002,137.3146,-7.7742624,88.269295,4.987207,161.19603,-9.721654,104.932915,-3.8311925,93.2565,-7.7165675,77.434425,-3.1210845,106.14025,-1.4343916,80.7016,-0.12935916,141.51115,-1.5710481,103.50719,3.6112573,116.62353,-5.055392,122.09897,-0.7801951,208.57817
Wiz Khalifa - See You Again ft. Charlie Puth [Official Video] Furious 7 Soundtrack.mp3,3307500,0.36414918,0.10392616,0.22142611,0.017573621,1913.7720048160745,841682.5902730179,2254.9667003932846,336176.7949739081,4006.605772603038,4356000.1845552735,0.06295812270220588,0.002819145218723785,2.1501273e-06,0.047857597,1.4182698e-05,1.4182698e-05,161.4990234375,-125.507034,14531.426,103.15571,1215.4393,14.443208,575.71875,19.010279,416.6592,1.4231489,268.14984,11.969628,190.82411,-2.5764203,115.88785,2.8736129,152.27,-1.3507203,78.61735,1.0728326,132.7509,0.115030445,79.45463,-0.30223143,161.718,-2.0795233,86.363045,4.3924413,88.0766,-0.42476016,102.099365,3.2515993,98.39806,-2.3482442,78.919,1.8007604,101.04822,-3.141833,105.877594,0.510551,110.73162
ZAYN & Sia - Dusk Till Dawn (Lyrics).mp3,3307500,0.3739096,0.087447576,0.2063455,0.009847106,1556.6981530124729,708384.0589936386,1980.7660563666434,579947.00012726,3279.8318339722814,3830321.0537246214,0.05955383489744582,0.0017507797661707371,-3.4774898e-06,0.036670372,4.2388712e-07,4.2388712e-07,123.046875,-125.20799,11965.447,130.55484,1825.4666,10.463162,459.8079,20.040346,384.99176,12.075189,176.84476,8.624117,158.88338,5.0840797,218.16586,-0.7950465,161.19275,0.94585574,113.552795,-0.8832503,145.15564,1.8104562,118.30788,1.3960186,97.57304,-2.2116396,85.25761,3.1186533,81.11501,0.47017577,72.185974,1.5601765,82.543945,-2.81509,88.75923,3.9030504,81.83144,-1.1608791,78.840004,3.4150083,84.36825
